Timestamps,predicted_kwh
2023-01-02 00:00:00,249.0
2023-01-02 01:00:00,246.0
2023-01-02 02:00:00,245.0
2023-01-02 03:00:00,249.0
2023-01-02 04:00:00,244.0
2023-01-02 05:00:00,252.0
2023-01-02 06:00:00,263.0
2023-01-02 07:00:00,319.0
2023-01-02 08:00:00,334.0
2023-01-02 09:00:00,376.0
2023-01-02 10:00:00,402.0
2023-01-02 11:00:00,430.0
2023-01-02 12:00:00,448.0
2023-01-02 13:00:00,430.0
2023-01-02 14:00:00,418.0
2023-01-02 15:00:00,408.0
2023-01-02 16:00:00,379.0
2023-01-02 17:00:00,369.0
2023-01-02 18:00:00,336.0
2023-01-02 19:00:00,318.0
2023-01-02 20:00:00,306.0
2023-01-02 21:00:00,291.0
2023-01-02 22:00:00,286.0
2023-01-02 23:00:00,287.0
2023-01-03 00:00:00,268.0
2023-01-03 01:00:00,268.0
2023-01-03 02:00:00,267.0
2023-01-03 03:00:00,266.0
2023-01-03 04:00:00,266.0
2023-01-03 05:00:00,272.0
2023-01-03 06:00:00,284.0
2023-01-03 07:00:00,332.0
2023-01-03 08:00:00,349.0
2023-01-03 09:00:00,384.0
2023-01-03 10:00:00,413.0
2023-01-03 11:00:00,446.0
2023-01-03 12:00:00,431.0
2023-01-03 13:00:00,424.0
2023-01-03 14:00:00,419.0
2023-01-03 15:00:00,416.0
2023-01-03 16:00:00,410.0
2023-01-03 17:00:00,385.0
2023-01-03 18:00:00,347.0
2023-01-03 19:00:00,319.0
2023-01-03 20:00:00,310.0
2023-01-03 21:00:00,306.0
2023-01-03 22:00:00,300.0
2023-01-03 23:00:00,291.0
2023-01-04 00:00:00,274.0
2023-01-04 01:00:00,273.0
2023-01-04 02:00:00,272.0
2023-01-04 03:00:00,275.0
2023-01-04 04:00:00,269.0
2023-01-04 05:00:00,277.0
2023-01-04 06:00:00,285.0
2023-01-04 07:00:00,332.0
2023-01-04 08:00:00,353.0
2023-01-04 09:00:00,388.0
2023-01-04 10:00:00,412.0
2023-01-04 11:00:00,433.0
2023-01-04 12:00:00,439.0
2023-01-04 13:00:00,414.0
2023-01-04 14:00:00,412.0
2023-01-04 15:00:00,417.0
2023-01-04 16:00:00,401.0
2023-01-04 17:00:00,385.0
2023-01-04 18:00:00,354.0
2023-01-04 19:00:00,321.0
2023-01-04 20:00:00,291.0
2023-01-04 21:00:00,274.0
2023-01-04 22:00:00,264.0
2023-01-04 23:00:00,264.0
2023-01-05 00:00:00,261.0
2023-01-05 01:00:00,254.0
2023-01-05 02:00:00,260.0
2023-01-05 03:00:00,250.0
2023-01-05 04:00:00,253.0
2023-01-05 05:00:00,257.0
2023-01-05 06:00:00,271.0
2023-01-05 07:00:00,298.0
2023-01-05 08:00:00,308.0
2023-01-05 09:00:00,346.0
2023-01-05 10:00:00,378.0
2023-01-05 11:00:00,412.0
2023-01-05 12:00:00,398.0
2023-01-05 13:00:00,408.0
2023-01-05 14:00:00,392.0
2023-01-05 15:00:00,390.0
2023-01-05 16:00:00,385.0
2023-01-05 17:00:00,371.0
2023-01-05 18:00:00,334.0
2023-01-05 19:00:00,305.0
2023-01-05 20:00:00,293.0
2023-01-05 21:00:00,283.0
2023-01-05 22:00:00,271.0
2023-01-05 23:00:00,275.0
2023-01-06 00:00:00,254.0
2023-01-06 01:00:00,251.0
2023-01-06 02:00:00,255.0
2023-01-06 03:00:00,248.0
2023-01-06 04:00:00,250.0
2023-01-06 05:00:00,255.0
2023-01-06 06:00:00,265.0
2023-01-06 07:00:00,292.0
2023-01-06 08:00:00,315.0
2023-01-06 09:00:00,359.0
2023-01-06 10:00:00,389.0
2023-01-06 11:00:00,434.0
2023-01-06 12:00:00,442.0
2023-01-06 13:00:00,430.0
2023-01-06 14:00:00,408.0
2023-01-06 15:00:00,403.0
2023-01-06 16:00:00,372.0
2023-01-06 17:00:00,339.0
2023-01-06 18:00:00,321.0
2023-01-06 19:00:00,310.0
2023-01-06 20:00:00,277.0
2023-01-06 21:00:00,271.0
2023-01-06 22:00:00,270.0
2023-01-06 23:00:00,270.0
2023-01-07 00:00:00,254.0
2023-01-07 01:00:00,249.0
2023-01-07 02:00:00,254.0
2023-01-07 03:00:00,250.0
2023-01-07 04:00:00,246.0
2023-01-07 05:00:00,251.0
2023-01-07 06:00:00,257.0
2023-01-07 07:00:00,259.0
2023-01-07 08:00:00,258.0
2023-01-07 09:00:00,264.0
2023-01-07 10:00:00,262.0
2023-01-07 11:00:00,266.0
2023-01-07 12:00:00,269.0
2023-01-07 13:00:00,272.0
2023-01-07 14:00:00,272.0
2023-01-07 15:00:00,272.0
2023-01-07 16:00:00,272.0
2023-01-07 17:00:00,268.0
2023-01-07 18:00:00,270.0
2023-01-07 19:00:00,260.0
2023-01-07 20:00:00,256.0
2023-01-07 21:00:00,253.0
2023-01-07 22:00:00,253.0
2023-01-07 23:00:00,254.0
2023-01-08 00:00:00,249.0
2023-01-08 01:00:00,245.0
2023-01-08 02:00:00,247.0
2023-01-08 03:00:00,250.0
2023-01-08 04:00:00,249.0
2023-01-08 05:00:00,249.0
2023-01-08 06:00:00,253.0
2023-01-08 07:00:00,256.0
2023-01-08 08:00:00,258.0
2023-01-08 09:00:00,265.0
2023-01-08 10:00:00,274.0
2023-01-08 11:00:00,274.0
2023-01-08 12:00:00,277.0
2023-01-08 13:00:00,276.0
2023-01-08 14:00:00,275.0
2023-01-08 15:00:00,275.0
2023-01-08 16:00:00,281.0
2023-01-08 17:00:00,275.0
2023-01-08 18:00:00,276.0
2023-01-08 19:00:00,272.0
2023-01-08 20:00:00,266.0
2023-01-08 21:00:00,261.0
2023-01-08 22:00:00,262.0
2023-01-08 23:00:00,260.0
2023-01-09 00:00:00,251.0
2023-01-09 01:00:00,247.0
2023-01-09 02:00:00,253.0
2023-01-09 03:00:00,247.0
2023-01-09 04:00:00,247.0
2023-01-09 05:00:00,255.0
2023-01-09 06:00:00,262.0
2023-01-09 07:00:00,291.0
2023-01-09 08:00:00,327.0
2023-01-09 09:00:00,379.0
2023-01-09 10:00:00,411.0
2023-01-09 11:00:00,446.0
2023-01-09 12:00:00,450.0
2023-01-09 13:00:00,455.0
2023-01-09 14:00:00,448.0
2023-01-09 15:00:00,441.0
2023-01-09 16:00:00,411.0
2023-01-09 17:00:00,383.0
2023-01-09 18:00:00,335.0
2023-01-09 19:00:00,311.0
2023-01-09 20:00:00,287.0
2023-01-09 21:00:00,273.0
2023-01-09 22:00:00,275.0
2023-01-09 23:00:00,267.0
2023-01-10 00:00:00,256.0
2023-01-10 01:00:00,251.0
2023-01-10 02:00:00,253.0
2023-01-10 03:00:00,254.0
2023-01-10 04:00:00,248.0
2023-01-10 05:00:00,255.0
2023-01-10 06:00:00,270.0
2023-01-10 07:00:00,316.0
2023-01-10 08:00:00,357.0
2023-01-10 09:00:00,402.0
2023-01-10 10:00:00,452.0
2023-01-10 11:00:00,476.0
2023-01-10 12:00:00,473.0
2023-01-10 13:00:00,450.0
2023-01-10 14:00:00,454.0
2023-01-10 15:00:00,442.0
2023-01-10 16:00:00,436.0
2023-01-10 17:00:00,412.0
2023-01-10 18:00:00,373.0
2023-01-10 19:00:00,355.0
2023-01-10 20:00:00,328.0
2023-01-10 21:00:00,310.0
2023-01-10 22:00:00,302.0
2023-01-10 23:00:00,300.0
2023-01-11 00:00:00,283.0
2023-01-11 01:00:00,281.0
2023-01-11 02:00:00,286.0
2023-01-11 03:00:00,281.0
2023-01-11 04:00:00,281.0
2023-01-11 05:00:00,295.0
2023-01-11 06:00:00,296.0
2023-01-11 07:00:00,355.0
2023-01-11 08:00:00,399.0
2023-01-11 09:00:00,455.0
2023-01-11 10:00:00,490.0
2023-01-11 11:00:00,492.0
2023-01-11 12:00:00,508.0
2023-01-11 13:00:00,496.0
2023-01-11 14:00:00,479.0
2023-01-11 15:00:00,478.0
2023-01-11 16:00:00,460.0
2023-01-11 17:00:00,421.0
2023-01-11 18:00:00,374.0
2023-01-11 19:00:00,353.0
2023-01-11 20:00:00,318.0
2023-01-11 21:00:00,300.0
2023-01-11 22:00:00,291.0
2023-01-11 23:00:00,291.0
2023-01-12 00:00:00,268.0
2023-01-12 01:00:00,269.0
2023-01-12 02:00:00,279.0
2023-01-12 03:00:00,272.0
2023-01-12 04:00:00,275.0
2023-01-12 05:00:00,280.0
2023-01-12 06:00:00,284.0
2023-01-12 07:00:00,337.0
2023-01-12 08:00:00,383.0
2023-01-12 09:00:00,446.0
2023-01-12 10:00:00,471.0
2023-01-12 11:00:00,490.0
2023-01-12 12:00:00,476.0
2023-01-12 13:00:00,465.0
2023-01-12 14:00:00,455.0
2023-01-12 15:00:00,461.0
2023-01-12 16:00:00,452.0
2023-01-12 17:00:00,430.0
2023-01-12 18:00:00,379.0
2023-01-12 19:00:00,353.0
2023-01-12 20:00:00,329.0
2023-01-12 21:00:00,314.0
2023-01-12 22:00:00,307.0
2023-01-12 23:00:00,306.0
2023-01-13 00:00:00,283.0
2023-01-13 01:00:00,274.0
2023-01-13 02:00:00,276.0
2023-01-13 03:00:00,277.0
2023-01-13 04:00:00,277.0
2023-01-13 05:00:00,288.0
2023-01-13 06:00:00,299.0
2023-01-13 07:00:00,358.0
2023-01-13 08:00:00,378.0
2023-01-13 09:00:00,424.0
2023-01-13 10:00:00,498.0
2023-01-13 11:00:00,515.0
2023-01-13 12:00:00,487.0
2023-01-13 13:00:00,461.0
2023-01-13 14:00:00,455.0
2023-01-13 15:00:00,443.0
2023-01-13 16:00:00,425.0
2023-01-13 17:00:00,405.0
2023-01-13 18:00:00,368.0
2023-01-13 19:00:00,349.0
2023-01-13 20:00:00,323.0
2023-01-13 21:00:00,311.0
2023-01-13 22:00:00,307.0
2023-01-13 23:00:00,301.0
2023-01-14 00:00:00,284.0
2023-01-14 01:00:00,283.0
2023-01-14 02:00:00,284.0
2023-01-14 03:00:00,285.0
2023-01-14 04:00:00,284.0
2023-01-14 05:00:00,287.0
2023-01-14 06:00:00,289.0
2023-01-14 07:00:00,300.0
2023-01-14 08:00:00,305.0
2023-01-14 09:00:00,304.0
2023-01-14 10:00:00,308.0
2023-01-14 11:00:00,316.0
2023-01-14 12:00:00,312.0
2023-01-14 13:00:00,310.0
2023-01-14 14:00:00,307.0
2023-01-14 15:00:00,313.0
2023-01-14 16:00:00,312.0
2023-01-14 17:00:00,311.0
2023-01-14 18:00:00,312.0
2023-01-14 19:00:00,308.0
2023-01-14 20:00:00,308.0
2023-01-14 21:00:00,303.0
2023-01-14 22:00:00,296.0
2023-01-14 23:00:00,295.0
2023-01-15 00:00:00,283.0
2023-01-15 01:00:00,282.0
2023-01-15 02:00:00,282.0
2023-01-15 03:00:00,287.0
2023-01-15 04:00:00,283.0
2023-01-15 05:00:00,282.0
2023-01-15 06:00:00,284.0
2023-01-15 07:00:00,299.0
2023-01-15 08:00:00,302.0
2023-01-15 09:00:00,305.0
2023-01-15 10:00:00,302.0
2023-01-15 11:00:00,298.0
2023-01-15 12:00:00,308.0
2023-01-15 13:00:00,301.0
2023-01-15 14:00:00,307.0
2023-01-15 15:00:00,304.0
2023-01-15 16:00:00,312.0
2023-01-15 17:00:00,301.0
2023-01-15 18:00:00,304.0
2023-01-15 19:00:00,301.0
2023-01-15 20:00:00,298.0
2023-01-15 21:00:00,290.0
2023-01-15 22:00:00,294.0
2023-01-15 23:00:00,292.0
2023-01-16 00:00:00,281.0
2023-01-16 01:00:00,275.0
2023-01-16 02:00:00,276.0
2023-01-16 03:00:00,280.0
2023-01-16 04:00:00,275.0
2023-01-16 05:00:00,279.0
2023-01-16 06:00:00,295.0
2023-01-16 07:00:00,344.0
2023-01-16 08:00:00,388.0
2023-01-16 09:00:00,431.0
2023-01-16 10:00:00,480.0
2023-01-16 11:00:00,513.0
2023-01-16 12:00:00,494.0
2023-01-16 13:00:00,486.0
2023-01-16 14:00:00,490.0
2023-01-16 15:00:00,484.0
2023-01-16 16:00:00,450.0
2023-01-16 17:00:00,418.0
2023-01-16 18:00:00,370.0
2023-01-16 19:00:00,349.0
2023-01-16 20:00:00,334.0
2023-01-16 21:00:00,312.0
2023-01-16 22:00:00,300.0
2023-01-16 23:00:00,300.0
2023-01-17 00:00:00,279.0
2023-01-17 01:00:00,277.0
2023-01-17 02:00:00,282.0
2023-01-17 03:00:00,271.0
2023-01-17 04:00:00,269.0
2023-01-17 05:00:00,280.0
2023-01-17 06:00:00,287.0
2023-01-17 07:00:00,341.0
2023-01-17 08:00:00,375.0
2023-01-17 09:00:00,430.0
2023-01-17 10:00:00,481.0
2023-01-17 11:00:00,517.0
2023-01-17 12:00:00,497.0
2023-01-17 13:00:00,492.0
2023-01-17 15:00:00,471.0
2023-01-17 16:00:00,443.0
2023-01-17 17:00:00,412.0
2023-01-17 18:00:00,357.0
2023-01-17 19:00:00,338.0
2023-01-17 20:00:00,319.0
2023-01-17 21:00:00,302.0
2023-01-17 22:00:00,293.0
2023-01-17 23:00:00,295.0
2023-01-18 00:00:00,268.0
2023-01-18 01:00:00,265.0
2023-01-18 02:00:00,268.0
2023-01-18 03:00:00,271.0
2023-01-18 04:00:00,273.0
2023-01-18 05:00:00,284.0
2023-01-18 06:00:00,288.0
2023-01-18 07:00:00,351.0
2023-01-18 08:00:00,380.0
2023-01-18 09:00:00,430.0
2023-01-18 10:00:00,467.0
2023-01-18 11:00:00,511.0
2023-01-18 12:00:00,492.0
2023-01-18 13:00:00,486.0
2023-01-18 14:00:00,490.0
2023-01-18 15:00:00,473.0
2023-01-18 16:00:00,470.0
2023-01-18 17:00:00,441.0
2023-01-18 18:00:00,381.0
2023-01-18 19:00:00,356.0
2023-01-18 20:00:00,327.0
2023-01-18 21:00:00,320.0
2023-01-18 22:00:00,304.0
2023-01-18 23:00:00,295.0
2023-01-19 00:00:00,277.0
2023-01-19 01:00:00,273.0
2023-01-19 02:00:00,278.0
2023-01-19 03:00:00,275.0
2023-01-19 04:00:00,276.0
2023-01-19 05:00:00,281.0
2023-01-19 06:00:00,285.0
2023-01-19 07:00:00,333.0
2023-01-19 08:00:00,360.0
2023-01-19 09:00:00,424.0
2023-01-19 10:00:00,493.0
2023-01-19 11:00:00,490.0
2023-01-19 12:00:00,459.0
2023-01-19 13:00:00,449.0
2023-01-19 14:00:00,467.0
2023-01-19 15:00:00,452.0
2023-01-19 16:00:00,438.0
2023-01-19 17:00:00,428.0
2023-01-19 18:00:00,394.0
2023-01-19 19:00:00,340.0
2023-01-19 20:00:00,320.0
2023-01-19 21:00:00,316.0
2023-01-19 22:00:00,304.0
2023-01-19 23:00:00,293.0
2023-01-20 00:00:00,271.0
2023-01-20 01:00:00,271.0
2023-01-20 02:00:00,283.0
2023-01-20 03:00:00,279.0
2023-01-20 04:00:00,278.0
2023-01-20 05:00:00,281.0
2023-01-20 06:00:00,291.0
2023-01-20 07:00:00,340.0
2023-01-20 08:00:00,369.0
2023-01-20 09:00:00,416.0
2023-01-20 10:00:00,458.0
2023-01-20 11:00:00,504.0
2023-01-20 12:00:00,506.0
2023-01-20 13:00:00,468.0
2023-01-20 14:00:00,469.0
2023-01-20 15:00:00,453.0
2023-01-20 16:00:00,441.0
2023-01-20 17:00:00,423.0
2023-01-20 18:00:00,374.0
2023-01-20 19:00:00,361.0
2023-01-20 20:00:00,341.0
2023-01-20 21:00:00,308.0
2023-01-20 22:00:00,296.0
2023-01-20 23:00:00,290.0
2023-01-21 00:00:00,268.0
2023-01-21 01:00:00,265.0
2023-01-21 02:00:00,263.0
2023-01-21 03:00:00,263.0
2023-01-21 04:00:00,261.0
2023-01-21 05:00:00,254.0
2023-01-21 06:00:00,255.0
2023-01-21 07:00:00,265.0
2023-01-21 08:00:00,269.0
2023-01-21 09:00:00,271.0
2023-01-21 10:00:00,281.0
2023-01-21 11:00:00,286.0
2023-01-21 12:00:00,305.0
2023-01-21 13:00:00,307.0
2023-01-21 14:00:00,294.0
2023-01-21 15:00:00,289.0
2023-01-21 16:00:00,288.0
2023-01-21 17:00:00,288.0
2023-01-21 18:00:00,289.0
2023-01-21 19:00:00,281.0
2023-01-21 20:00:00,278.0
2023-01-21 21:00:00,260.0
2023-01-21 22:00:00,269.0
2023-01-21 23:00:00,276.0
2023-01-22 00:00:00,254.0
2023-01-22 01:00:00,256.0
2023-01-22 02:00:00,259.0
2023-01-22 03:00:00,256.0
2023-01-22 04:00:00,254.0
2023-01-22 05:00:00,256.0
2023-01-22 06:00:00,262.0
2023-01-22 07:00:00,264.0
2023-01-22 08:00:00,275.0
2023-01-22 09:00:00,269.0
2023-01-22 10:00:00,272.0
2023-01-22 11:00:00,283.0
2023-01-22 12:00:00,280.0
2023-01-22 13:00:00,286.0
2023-01-22 14:00:00,279.0
2023-01-22 15:00:00,286.0
2023-01-22 16:00:00,278.0
2023-01-22 17:00:00,275.0
2023-01-22 18:00:00,277.0
2023-01-22 19:00:00,264.0
2023-01-22 20:00:00,266.0
2023-01-22 21:00:00,261.0
2023-01-22 22:00:00,268.0
2023-01-22 23:00:00,267.0
2023-01-23 00:00:00,250.0
2023-01-23 01:00:00,249.0
2023-01-23 02:00:00,256.0
2023-01-23 03:00:00,252.0
2023-01-23 04:00:00,252.0
2023-01-23 05:00:00,261.0
2023-01-23 06:00:00,269.0
2023-01-23 07:00:00,300.0
2023-01-23 08:00:00,340.0
2023-01-23 09:00:00,395.0
2023-01-23 10:00:00,428.0
2023-01-23 11:00:00,449.0
2023-01-23 12:00:00,444.0
2023-01-23 13:00:00,429.0
2023-01-23 14:00:00,446.0
2023-01-23 15:00:00,438.0
2023-01-23 16:00:00,423.0
2023-01-23 17:00:00,397.0
2023-01-23 18:00:00,347.0
2023-01-23 19:00:00,324.0
2023-01-23 20:00:00,305.0
2023-01-23 21:00:00,295.0
2023-01-23 22:00:00,285.0
2023-01-23 23:00:00,280.0
2023-01-24 00:00:00,268.0
2023-01-24 01:00:00,261.0
2023-01-24 02:00:00,262.0
2023-01-24 03:00:00,257.0
2023-01-24 04:00:00,262.0
2023-01-24 05:00:00,269.0
2023-01-24 06:00:00,279.0
2023-01-24 07:00:00,330.0
2023-01-24 08:00:00,364.0
2023-01-24 09:00:00,423.0
2023-01-24 10:00:00,463.0
2023-01-24 11:00:00,486.0
2023-01-24 12:00:00,475.0
2023-01-24 13:00:00,480.0
2023-01-24 14:00:00,483.0
2023-01-24 15:00:00,474.0
2023-01-24 16:00:00,458.0
2023-01-24 17:00:00,438.0
2023-01-24 18:00:00,375.0
2023-01-24 19:00:00,341.0
2023-01-24 20:00:00,325.0
2023-01-24 21:00:00,307.0
2023-01-24 22:00:00,309.0
2023-01-24 23:00:00,300.0
2023-01-25 00:00:00,277.0
2023-01-25 01:00:00,280.0
2023-01-25 02:00:00,289.0
2023-01-25 03:00:00,280.0
2023-01-25 04:00:00,286.0
2023-01-25 05:00:00,290.0
2023-01-25 06:00:00,303.0
2023-01-25 07:00:00,356.0
2023-01-25 08:00:00,408.0
2023-01-25 09:00:00,468.0
2023-01-25 10:00:00,517.0
2023-01-25 11:00:00,561.0
2023-01-25 12:00:00,521.0
2023-01-25 13:00:00,507.0
2023-01-25 14:00:00,518.0
2023-01-25 15:00:00,501.0
2023-01-25 16:00:00,479.0
2023-01-25 17:00:00,451.0
2023-01-25 18:00:00,406.0
2023-01-25 19:00:00,374.0
2023-01-25 20:00:00,344.0
2023-01-25 21:00:00,325.0
2023-01-25 22:00:00,323.0
2023-01-25 23:00:00,314.0
2023-01-26 00:00:00,291.0
2023-01-26 01:00:00,294.0
2023-01-26 02:00:00,289.0
2023-01-26 03:00:00,288.0
2023-01-26 04:00:00,288.0
2023-01-26 05:00:00,297.0
2023-01-26 06:00:00,308.0
2023-01-26 07:00:00,362.0
2023-01-26 08:00:00,384.0
2023-01-26 09:00:00,434.0
2023-01-26 10:00:00,467.0
2023-01-26 11:00:00,494.0
2023-01-26 12:00:00,479.0
2023-01-26 13:00:00,472.0
2023-01-26 14:00:00,476.0
2023-01-26 15:00:00,466.0
2023-01-26 16:00:00,429.0
2023-01-26 17:00:00,427.0
2023-01-26 18:00:00,369.0
2023-01-26 19:00:00,351.0
2023-01-26 20:00:00,316.0
2023-01-26 21:00:00,298.0
2023-01-26 22:00:00,298.0
2023-01-26 23:00:00,296.0
2023-01-27 00:00:00,272.0
2023-01-27 01:00:00,269.0
2023-01-27 02:00:00,269.0
2023-01-27 03:00:00,268.0
2023-01-27 04:00:00,265.0
2023-01-27 05:00:00,275.0
2023-01-27 06:00:00,282.0
2023-01-27 07:00:00,320.0
2023-01-27 08:00:00,347.0
2023-01-27 09:00:00,401.0
2023-01-27 10:00:00,446.0
2023-01-27 11:00:00,462.0
2023-01-27 12:00:00,454.0
2023-01-27 13:00:00,449.0
2023-01-27 14:00:00,453.0
2023-01-27 15:00:00,432.0
2023-01-27 16:00:00,431.0
2023-01-27 17:00:00,403.0
2023-01-27 18:00:00,342.0
2023-01-27 19:00:00,315.0
2023-01-27 20:00:00,283.0
2023-01-27 21:00:00,274.0
2023-01-27 22:00:00,272.0
2023-01-27 23:00:00,274.0
2023-01-28 00:00:00,250.0
2023-01-28 01:00:00,249.0
2023-01-28 02:00:00,254.0
2023-01-28 03:00:00,250.0
2023-01-28 04:00:00,250.0
2023-01-28 05:00:00,256.0
2023-01-28 06:00:00,253.0
2023-01-28 07:00:00,267.0
2023-01-28 08:00:00,268.0
2023-01-28 09:00:00,270.0
2023-01-28 10:00:00,287.0
2023-01-28 11:00:00,311.0
2023-01-28 12:00:00,285.0
2023-01-28 13:00:00,291.0
2023-01-28 14:00:00,290.0
2023-01-28 15:00:00,297.0
2023-01-28 16:00:00,296.0
2023-01-28 17:00:00,293.0
2023-01-28 18:00:00,290.0
2023-01-28 19:00:00,286.0
2023-01-28 20:00:00,286.0
2023-01-28 21:00:00,283.0
2023-01-28 22:00:00,281.0
2023-01-28 23:00:00,285.0
2023-01-29 00:00:00,267.0
2023-01-29 01:00:00,264.0
2023-01-29 02:00:00,267.0
2023-01-29 03:00:00,265.0
2023-01-29 04:00:00,269.0
2023-01-29 05:00:00,271.0
2023-01-29 06:00:00,265.0
2023-01-29 07:00:00,284.0
2023-01-29 08:00:00,288.0
2023-01-29 09:00:00,289.0
2023-01-29 10:00:00,289.0
2023-01-29 11:00:00,296.0
2023-01-29 12:00:00,297.0
2023-01-29 13:00:00,298.0
2023-01-29 14:00:00,289.0
2023-01-29 15:00:00,302.0
2023-01-29 16:00:00,295.0
2023-01-29 17:00:00,308.0
2023-01-29 18:00:00,299.0
2023-01-29 19:00:00,298.0
2023-01-29 20:00:00,294.0
2023-01-29 21:00:00,291.0
2023-01-29 22:00:00,290.0
2023-01-29 23:00:00,288.0
2023-01-30 00:00:00,275.0
2023-01-30 01:00:00,277.0
2023-01-30 02:00:00,272.0
2023-01-30 03:00:00,276.0
2023-01-30 04:00:00,280.0
2023-01-30 05:00:00,279.0
2023-01-30 06:00:00,301.0
2023-01-30 07:00:00,351.0
2023-01-30 08:00:00,390.0
2023-01-30 09:00:00,450.0
2023-01-30 10:00:00,486.0
2023-01-30 11:00:00,510.0
2023-01-30 12:00:00,496.0
2023-01-30 13:00:00,507.0
2023-01-30 14:00:00,504.0
2023-01-30 15:00:00,480.0
2023-01-30 16:00:00,448.0
2023-01-30 17:00:00,420.0
2023-01-30 18:00:00,376.0
2023-01-30 19:00:00,348.0
2023-01-30 20:00:00,329.0
2023-01-30 21:00:00,309.0
2023-01-30 22:00:00,297.0
2023-01-30 23:00:00,291.0
2023-01-31 00:00:00,273.0
2023-01-31 01:00:00,269.0
2023-01-31 02:00:00,268.0
2023-01-31 03:00:00,267.0
2023-01-31 04:00:00,267.0
2023-01-31 05:00:00,273.0
2023-01-31 06:00:00,285.0
2023-01-31 07:00:00,342.0
2023-01-31 08:00:00,375.0
2023-01-31 09:00:00,416.0
2023-01-31 10:00:00,446.0
2023-01-31 11:00:00,475.0
2023-01-31 12:00:00,478.0
2023-01-31 13:00:00,481.0
2023-01-31 14:00:00,459.0
2023-01-31 15:00:00,455.0
2023-01-31 16:00:00,439.0
2023-01-31 17:00:00,416.0
2023-01-31 18:00:00,370.0
2023-01-31 19:00:00,352.0
2023-01-31 20:00:00,338.0
2023-01-31 21:00:00,301.0
2023-01-31 22:00:00,292.0
2023-01-31 23:00:00,289.0
2023-02-01 00:00:00,262.0
2023-02-01 01:00:00,260.0
2023-02-01 02:00:00,267.0
2023-02-01 03:00:00,265.0
2023-02-01 04:00:00,266.0
2023-02-01 05:00:00,283.0
2023-02-01 06:00:00,293.0
2023-02-01 07:00:00,349.0
2023-02-01 08:00:00,382.0
2023-02-01 09:00:00,438.0
2023-02-01 10:00:00,470.0
2023-02-01 11:00:00,501.0
2023-02-01 12:00:00,495.0
2023-02-01 13:00:00,489.0
2023-02-01 14:00:00,491.0
2023-02-01 15:00:00,471.0
2023-02-01 16:00:00,465.0
2023-02-01 17:00:00,434.0
2023-02-01 18:00:00,380.0
2023-02-01 19:00:00,347.0
2023-02-01 20:00:00,339.0
2023-02-01 21:00:00,312.0
2023-02-01 22:00:00,301.0
2023-02-01 23:00:00,299.0
2023-02-02 00:00:00,284.0
2023-02-02 01:00:00,281.0
2023-02-02 02:00:00,286.0
2023-02-02 03:00:00,282.0
2023-02-02 04:00:00,283.0
2023-02-02 05:00:00,290.0
2023-02-02 06:00:00,298.0
2023-02-02 07:00:00,347.0
2023-02-02 08:00:00,390.0
2023-02-02 09:00:00,452.0
2023-02-02 10:00:00,487.0
2023-02-02 11:00:00,507.0
2023-02-02 12:00:00,494.0
2023-02-02 13:00:00,469.0
2023-02-02 14:00:00,466.0
2023-02-02 15:00:00,464.0
2023-02-02 16:00:00,452.0
2023-02-02 17:00:00,425.0
2023-02-02 18:00:00,378.0
2023-02-02 19:00:00,350.0
2023-02-02 20:00:00,338.0
2023-02-02 21:00:00,313.0
2023-02-02 22:00:00,298.0
2023-02-02 23:00:00,291.0
2023-02-03 00:00:00,270.0
2023-02-03 01:00:00,265.0
2023-02-03 02:00:00,258.0
2023-02-03 03:00:00,265.0
2023-02-03 04:00:00,265.0
2023-02-03 05:00:00,267.0
2023-02-03 06:00:00,284.0
2023-02-03 07:00:00,329.0
2023-02-03 08:00:00,363.0
2023-02-03 09:00:00,413.0
2023-02-03 10:00:00,456.0
2023-02-03 11:00:00,487.0
2023-02-03 12:00:00,496.0
2023-02-03 13:00:00,478.0
2023-02-03 14:00:00,448.0
2023-02-03 15:00:00,425.0
2023-02-03 16:00:00,402.0
2023-02-03 17:00:00,388.0
2023-02-03 18:00:00,345.0
2023-02-03 19:00:00,319.0
2023-02-03 20:00:00,309.0
2023-02-03 21:00:00,297.0
2023-02-03 22:00:00,282.0
2023-02-03 23:00:00,274.0
2023-02-04 00:00:00,261.0
2023-02-04 01:00:00,256.0
2023-02-04 02:00:00,259.0
2023-02-04 03:00:00,254.0
2023-02-04 04:00:00,256.0
2023-02-04 05:00:00,256.0
2023-02-04 06:00:00,260.0
2023-02-04 07:00:00,273.0
2023-02-04 08:00:00,276.0
2023-02-04 09:00:00,281.0
2023-02-04 10:00:00,266.0
2023-02-04 11:00:00,315.0
2023-02-04 12:00:00,296.0
2023-02-04 13:00:00,289.0
2023-02-04 14:00:00,285.0
2023-02-04 15:00:00,293.0
2023-02-04 16:00:00,293.0
2023-02-04 17:00:00,282.0
2023-02-04 18:00:00,281.0
2023-02-04 19:00:00,273.0
2023-02-04 20:00:00,272.0
2023-02-04 21:00:00,267.0
2023-02-04 22:00:00,264.0
2023-02-04 23:00:00,266.0
2023-02-05 00:00:00,254.0
2023-02-05 01:00:00,250.0
2023-02-05 02:00:00,252.0
2023-02-05 03:00:00,256.0
2023-02-05 04:00:00,249.0
2023-02-05 05:00:00,255.0
2023-02-05 06:00:00,256.0
2023-02-05 07:00:00,266.0
2023-02-05 08:00:00,274.0
2023-02-05 09:00:00,274.0
2023-02-05 10:00:00,278.0
2023-02-05 11:00:00,282.0
2023-02-05 12:00:00,293.0
2023-02-05 13:00:00,286.0
2023-02-05 14:00:00,285.0
2023-02-05 15:00:00,293.0
2023-02-05 16:00:00,290.0
2023-02-05 17:00:00,298.0
2023-02-05 18:00:00,284.0
2023-02-05 19:00:00,283.0
2023-02-05 20:00:00,294.0
2023-02-05 21:00:00,295.0
2023-02-05 22:00:00,293.0
2023-02-05 23:00:00,291.0
2023-02-06 00:00:00,269.0
2023-02-06 01:00:00,270.0
2023-02-06 02:00:00,268.0
2023-02-06 03:00:00,259.0
2023-02-06 04:00:00,260.0
2023-02-06 05:00:00,273.0
2023-02-06 06:00:00,288.0
2023-02-06 07:00:00,334.0
2023-02-06 08:00:00,376.0
2023-02-06 09:00:00,423.0
2023-02-06 10:00:00,469.0
2023-02-06 11:00:00,515.0
2023-02-06 12:00:00,486.0
2023-02-06 13:00:00,474.0
2023-02-06 14:00:00,483.0
2023-02-06 15:00:00,477.0
2023-02-06 16:00:00,452.0
2023-02-06 17:00:00,432.0
2023-02-06 18:00:00,376.0
2023-02-06 19:00:00,350.0
2023-02-06 20:00:00,331.0
2023-02-06 21:00:00,306.0
2023-02-06 22:00:00,288.0
2023-02-06 23:00:00,285.0
2023-02-07 00:00:00,266.0
2023-02-07 01:00:00,270.0
2023-02-07 02:00:00,267.0
2023-02-07 03:00:00,261.0
2023-02-07 04:00:00,264.0
2023-02-07 05:00:00,268.0
2023-02-07 06:00:00,279.0
2023-02-07 07:00:00,329.0
2023-02-07 08:00:00,361.0
2023-02-07 09:00:00,429.0
2023-02-07 10:00:00,469.0
2023-02-07 11:00:00,498.0
2023-02-07 12:00:00,480.0
2023-02-07 13:00:00,457.0
2023-02-07 14:00:00,453.0
2023-02-07 15:00:00,454.0
2023-02-07 16:00:00,452.0
2023-02-07 17:00:00,426.0
2023-02-07 18:00:00,382.0
2023-02-07 19:00:00,362.0
2023-02-07 20:00:00,327.0
2023-02-07 21:00:00,322.0
2023-02-07 22:00:00,314.0
2023-02-07 23:00:00,306.0
2023-02-08 00:00:00,287.0
2023-02-08 01:00:00,286.0
2023-02-08 02:00:00,288.0
2023-02-08 03:00:00,285.0
2023-02-08 04:00:00,287.0
2023-02-08 05:00:00,294.0
2023-02-08 06:00:00,299.0
2023-02-08 07:00:00,355.0
2023-02-08 08:00:00,387.0
2023-02-08 09:00:00,445.0
2023-02-08 10:00:00,505.0
2023-02-08 11:00:00,514.0
2023-02-08 12:00:00,502.0
2023-02-08 13:00:00,503.0
2023-02-08 14:00:00,495.0
2023-02-08 15:00:00,507.0
2023-02-08 16:00:00,485.0
2023-02-08 17:00:00,448.0
2023-02-08 18:00:00,398.0
2023-02-08 19:00:00,357.0
2023-02-08 20:00:00,351.0
2023-02-08 21:00:00,340.0
2023-02-08 22:00:00,331.0
2023-02-08 23:00:00,323.0
2023-02-09 00:00:00,302.0
2023-02-09 01:00:00,297.0
2023-02-09 02:00:00,283.0
2023-02-09 03:00:00,244.0
2023-02-09 04:00:00,239.0
2023-02-09 05:00:00,247.0
2023-02-09 06:00:00,252.0
2023-02-09 07:00:00,328.0
2023-02-09 08:00:00,378.0
2023-02-09 09:00:00,423.0
2023-02-09 10:00:00,483.0
2023-02-09 11:00:00,508.0
2023-02-09 12:00:00,497.0
2023-02-09 13:00:00,490.0
2023-02-09 14:00:00,482.0
2023-02-09 15:00:00,489.0
2023-02-09 16:00:00,454.0
2023-02-09 17:00:00,421.0
2023-02-09 18:00:00,369.0
2023-02-09 19:00:00,346.0
2023-02-09 20:00:00,323.0
2023-02-09 21:00:00,323.0
2023-02-09 22:00:00,302.0
2023-02-09 23:00:00,299.0
2023-02-10 00:00:00,299.0
2023-02-10 01:00:00,290.0
2023-02-10 02:00:00,286.0
2023-02-10 03:00:00,280.0
2023-02-10 04:00:00,279.0
2023-02-10 05:00:00,284.0
2023-02-10 06:00:00,295.0
2023-02-10 07:00:00,350.0
2023-02-10 08:00:00,381.0
2023-02-10 09:00:00,418.0
2023-02-10 10:00:00,434.0
2023-02-10 11:00:00,445.0
2023-02-10 12:00:00,474.0
2023-02-10 13:00:00,461.0
2023-02-10 14:00:00,454.0
2023-02-10 15:00:00,441.0
2023-02-10 16:00:00,435.0
2023-02-10 17:00:00,416.0
2023-02-10 18:00:00,362.0
2023-02-10 19:00:00,345.0
2023-02-10 20:00:00,323.0
2023-02-10 21:00:00,313.0
2023-02-10 22:00:00,307.0
2023-02-10 23:00:00,297.0
2023-02-11 00:00:00,273.0
2023-02-11 01:00:00,270.0
2023-02-11 02:00:00,278.0
2023-02-11 03:00:00,268.0
2023-02-11 04:00:00,271.0
2023-02-11 05:00:00,269.0
2023-02-11 06:00:00,280.0
2023-02-11 07:00:00,294.0
2023-02-11 08:00:00,300.0
2023-02-11 09:00:00,308.0
2023-02-11 10:00:00,312.0
2023-02-11 11:00:00,319.0
2023-02-11 12:00:00,314.0
2023-02-11 13:00:00,311.0
2023-02-11 14:00:00,309.0
2023-02-11 15:00:00,310.0
2023-02-11 16:00:00,307.0
2023-02-11 17:00:00,308.0
2023-02-11 18:00:00,305.0
2023-02-11 19:00:00,298.0
2023-02-11 20:00:00,291.0
2023-02-11 21:00:00,290.0
2023-02-11 22:00:00,285.0
2023-02-11 23:00:00,277.0
2023-02-12 00:00:00,257.0
2023-02-12 01:00:00,251.0
2023-02-12 02:00:00,253.0
2023-02-12 03:00:00,252.0
2023-02-12 04:00:00,254.0
2023-02-12 05:00:00,258.0
2023-02-12 06:00:00,257.0
2023-02-12 07:00:00,265.0
2023-02-12 08:00:00,270.0
2023-02-12 09:00:00,277.0
2023-02-12 10:00:00,285.0
2023-02-12 11:00:00,293.0
2023-02-12 12:00:00,306.0
2023-02-12 13:00:00,303.0
2023-02-12 14:00:00,300.0
2023-02-12 15:00:00,307.0
2023-02-12 16:00:00,303.0
2023-02-12 17:00:00,304.0
2023-02-12 18:00:00,301.0
2023-02-12 19:00:00,297.0
2023-02-12 20:00:00,297.0
2023-02-12 21:00:00,291.0
2023-02-12 22:00:00,288.0
2023-02-12 23:00:00,290.0
2023-02-13 00:00:00,271.0
2023-02-13 01:00:00,270.0
2023-02-13 02:00:00,275.0
2023-02-13 03:00:00,272.0
2023-02-13 04:00:00,280.0
2023-02-13 05:00:00,288.0
2023-02-13 06:00:00,291.0
2023-02-13 07:00:00,334.0
2023-02-13 09:00:00,436.0
2023-02-13 10:00:00,470.0
2023-02-13 11:00:00,505.0
2023-02-13 12:00:00,496.0
2023-02-13 13:00:00,478.0
2023-02-13 14:00:00,458.0
2023-02-13 15:00:00,456.0
2023-02-13 16:00:00,453.0
2023-02-13 17:00:00,433.0
2023-02-13 18:00:00,388.0
2023-02-13 19:00:00,362.0
2023-02-13 20:00:00,342.0
2023-02-13 21:00:00,342.0
2023-02-13 22:00:00,323.0
2023-02-13 23:00:00,312.0
2023-02-14 00:00:00,284.0
2023-02-14 01:00:00,284.0
2023-02-14 02:00:00,287.0
2023-02-14 03:00:00,284.0
2023-02-14 04:00:00,287.0
2023-02-14 05:00:00,293.0
2023-02-14 06:00:00,302.0
2023-02-14 07:00:00,355.0
2023-02-14 08:00:00,385.0
2023-02-14 09:00:00,435.0
2023-02-14 10:00:00,463.0
2023-02-14 11:00:00,479.0
2023-02-14 12:00:00,478.0
2023-02-14 13:00:00,458.0
2023-02-14 14:00:00,462.0
2023-02-14 15:00:00,453.0
2023-02-14 16:00:00,451.0
2023-02-14 17:00:00,427.0
2023-02-14 18:00:00,376.0
2023-02-14 19:00:00,350.0
2023-02-14 20:00:00,330.0
2023-02-14 21:00:00,313.0
2023-02-14 22:00:00,314.0
2023-02-14 23:00:00,307.0
2023-02-15 00:00:00,298.0
2023-02-15 01:00:00,286.0
2023-02-15 02:00:00,298.0
2023-02-15 03:00:00,290.0
2023-02-15 04:00:00,292.0
2023-02-15 05:00:00,293.0
2023-02-15 06:00:00,294.0
2023-02-15 07:00:00,350.0
2023-02-15 08:00:00,397.0
2023-02-15 09:00:00,427.0
2023-02-15 10:00:00,472.0
2023-02-15 11:00:00,492.0
2023-02-15 12:00:00,492.0
2023-02-15 13:00:00,487.0
2023-02-15 14:00:00,489.0
2023-02-15 15:00:00,481.0
2023-02-15 16:00:00,471.0
2023-02-15 17:00:00,452.0
2023-02-15 18:00:00,402.0
2023-02-15 19:00:00,375.0
2023-02-15 20:00:00,367.0
2023-02-15 21:00:00,324.0
2023-02-15 22:00:00,316.0
2023-02-15 23:00:00,311.0
2023-02-16 00:00:00,281.0
2023-02-16 01:00:00,285.0
2023-02-16 02:00:00,287.0
2023-02-16 03:00:00,284.0
2023-02-16 04:00:00,286.0
2023-02-16 05:00:00,289.0
2023-02-16 06:00:00,298.0
2023-02-16 07:00:00,357.0
2023-02-16 08:00:00,389.0
2023-02-16 09:00:00,434.0
2023-02-16 10:00:00,470.0
2023-02-16 11:00:00,487.0
2023-02-16 12:00:00,463.0
2023-02-16 13:00:00,487.0
2023-02-16 14:00:00,474.0
2023-02-16 15:00:00,460.0
2023-02-16 16:00:00,443.0
2023-02-16 17:00:00,411.0
2023-02-16 18:00:00,368.0
2023-02-16 19:00:00,341.0
2023-02-16 20:00:00,311.0
2023-02-16 21:00:00,295.0
2023-02-16 22:00:00,288.0
2023-02-16 23:00:00,282.0
2023-02-17 00:00:00,275.0
2023-02-17 01:00:00,274.0
2023-02-17 02:00:00,269.0
2023-02-17 03:00:00,268.0
2023-02-17 04:00:00,272.0
2023-02-17 05:00:00,275.0
2023-02-17 06:00:00,288.0
2023-02-17 07:00:00,336.0
2023-02-17 08:00:00,373.0
2023-02-17 09:00:00,439.0
2023-02-17 10:00:00,461.0
2023-02-17 11:00:00,505.0
2023-02-17 12:00:00,484.0
2023-02-17 13:00:00,484.0
2023-02-17 14:00:00,485.0
2023-02-17 15:00:00,450.0
2023-02-17 16:00:00,427.0
2023-02-17 17:00:00,408.0
2023-02-17 18:00:00,360.0
2023-02-17 19:00:00,344.0
2023-02-17 20:00:00,306.0
2023-02-17 21:00:00,297.0
2023-02-17 22:00:00,283.0
2023-02-17 23:00:00,286.0
2023-02-18 00:00:00,273.0
2023-02-18 01:00:00,270.0
2023-02-18 02:00:00,274.0
2023-02-18 03:00:00,268.0
2023-02-18 04:00:00,269.0
2023-02-18 05:00:00,274.0
2023-02-18 06:00:00,265.0
2023-02-18 07:00:00,265.0
2023-02-18 08:00:00,276.0
2023-02-18 09:00:00,283.0
2023-02-18 10:00:00,286.0
2023-02-18 11:00:00,290.0
2023-02-18 12:00:00,293.0
2023-02-18 13:00:00,296.0
2023-02-18 14:00:00,293.0
2023-02-18 15:00:00,294.0
2023-02-18 16:00:00,298.0
2023-02-18 17:00:00,291.0
2023-02-18 18:00:00,288.0
2023-02-18 19:00:00,283.0
2023-02-18 20:00:00,275.0
2023-02-18 21:00:00,273.0
2023-02-18 22:00:00,273.0
2023-02-18 23:00:00,277.0
2023-02-19 00:00:00,263.0
2023-02-19 01:00:00,261.0
2023-02-19 02:00:00,270.0
2023-02-19 03:00:00,263.0
2023-02-19 04:00:00,260.0
2023-02-19 05:00:00,271.0
2023-02-19 06:00:00,267.0
2023-02-19 07:00:00,269.0
2023-02-19 08:00:00,273.0
2023-02-19 09:00:00,278.0
2023-02-19 10:00:00,287.0
2023-02-19 11:00:00,294.0
2023-02-19 12:00:00,294.0
2023-02-19 13:00:00,292.0
2023-02-19 14:00:00,279.0
2023-02-19 15:00:00,279.0
2023-02-19 16:00:00,274.0
2023-02-19 17:00:00,271.0
2023-02-19 18:00:00,271.0
2023-02-19 19:00:00,272.0
2023-02-19 20:00:00,266.0
2023-02-19 21:00:00,264.0
2023-02-19 22:00:00,261.0
2023-02-19 23:00:00,253.0
2023-02-20 00:00:00,254.0
2023-02-20 01:00:00,250.0
2023-02-20 02:00:00,256.0
2023-02-20 03:00:00,251.0
2023-02-20 04:00:00,251.0
2023-02-20 05:00:00,262.0
2023-02-20 06:00:00,265.0
2023-02-20 07:00:00,311.0
2023-02-20 08:00:00,348.0
2023-02-20 09:00:00,377.0
2023-02-20 10:00:00,427.0
2023-02-20 11:00:00,482.0
2023-02-20 12:00:00,457.0
2023-02-20 13:00:00,463.0
2023-02-20 14:00:00,439.0
2023-02-20 15:00:00,433.0
2023-02-20 16:00:00,400.0
2023-02-20 17:00:00,390.0
2023-02-20 18:00:00,336.0
2023-02-20 19:00:00,308.0
2023-02-20 20:00:00,291.0
2023-02-20 21:00:00,281.0
2023-02-20 22:00:00,281.0
2023-02-20 23:00:00,274.0
2023-02-21 00:00:00,254.0
2023-02-21 01:00:00,252.0
2023-02-21 02:00:00,259.0
2023-02-21 03:00:00,248.0
2023-02-21 04:00:00,250.0
2023-02-21 05:00:00,260.0
2023-02-21 06:00:00,266.0
2023-02-21 07:00:00,314.0
2023-02-21 08:00:00,351.0
2023-02-21 09:00:00,417.0
2023-02-21 10:00:00,456.0
2023-02-21 11:00:00,451.0
2023-02-21 12:00:00,442.0
2023-02-21 13:00:00,444.0
2023-02-21 14:00:00,443.0
2023-02-21 15:00:00,427.0
2023-02-21 16:00:00,417.0
2023-02-21 17:00:00,389.0
2023-02-21 18:00:00,339.0
2023-02-21 19:00:00,316.0
2023-02-21 20:00:00,299.0
2023-02-21 21:00:00,284.0
2023-02-21 22:00:00,272.0
2023-02-21 23:00:00,266.0
2023-02-22 00:00:00,251.0
2023-02-22 01:00:00,253.0
2023-02-22 02:00:00,258.0
2023-02-22 03:00:00,251.0
2023-02-22 04:00:00,249.0
2023-02-22 05:00:00,256.0
2023-02-22 06:00:00,259.0
2023-02-22 07:00:00,310.0
2023-02-22 08:00:00,336.0
2023-02-22 09:00:00,387.0
2023-02-22 10:00:00,417.0
2023-02-22 11:00:00,460.0
2023-02-22 12:00:00,462.0
2023-02-22 13:00:00,449.0
2023-02-22 14:00:00,439.0
2023-02-22 15:00:00,409.0
2023-02-22 16:00:00,398.0
2023-02-22 17:00:00,383.0
2023-02-22 18:00:00,329.0
2023-02-22 19:00:00,307.0
2023-02-22 20:00:00,285.0
2023-02-22 21:00:00,284.0
2023-02-22 22:00:00,277.0
2023-02-22 23:00:00,266.0
2023-02-23 00:00:00,245.0
2023-02-23 01:00:00,243.0
2023-02-23 02:00:00,248.0
2023-02-23 03:00:00,243.0
2023-02-23 04:00:00,248.0
2023-02-23 05:00:00,252.0
2023-02-23 06:00:00,262.0
2023-02-23 07:00:00,288.0
2023-02-23 08:00:00,330.0
2023-02-23 09:00:00,406.0
2023-02-23 10:00:00,419.0
2023-02-23 11:00:00,410.0
2023-02-23 12:00:00,427.0
2023-02-23 13:00:00,419.0
2023-02-23 14:00:00,415.0
2023-02-23 15:00:00,384.0
2023-02-23 16:00:00,375.0
2023-02-23 17:00:00,358.0
2023-02-23 18:00:00,322.0
2023-02-23 19:00:00,297.0
2023-02-23 20:00:00,279.0
2023-02-23 21:00:00,276.0
2023-02-23 22:00:00,267.0
2023-02-23 23:00:00,261.0
2023-02-24 00:00:00,249.0
2023-02-24 01:00:00,243.0
2023-02-24 02:00:00,250.0
2023-02-24 03:00:00,245.0
2023-02-24 04:00:00,248.0
2023-02-24 05:00:00,255.0
2023-02-24 06:00:00,258.0
2023-02-24 07:00:00,302.0
2023-02-24 08:00:00,301.0
2023-02-24 09:00:00,306.0
2023-02-24 10:00:00,302.0
2023-02-24 11:00:00,303.0
2023-02-24 12:00:00,315.0
2023-02-24 13:00:00,336.0
2023-02-24 14:00:00,318.0
2023-02-24 15:00:00,317.0
2023-02-24 16:00:00,309.0
2023-02-24 17:00:00,319.0
2023-02-24 18:00:00,295.0
2023-02-24 19:00:00,283.0
2023-02-24 20:00:00,268.0
2023-02-24 21:00:00,265.0
2023-02-24 22:00:00,258.0
2023-02-24 23:00:00,264.0
2023-02-25 00:00:00,251.0
2023-02-25 01:00:00,250.0
2023-02-25 02:00:00,251.0
2023-02-25 03:00:00,245.0
2023-02-25 04:00:00,243.0
2023-02-25 05:00:00,250.0
2023-02-25 06:00:00,249.0
2023-02-25 07:00:00,255.0
2023-02-25 08:00:00,259.0
2023-02-25 09:00:00,256.0
2023-02-25 10:00:00,262.0
2023-02-25 11:00:00,272.0
2023-02-25 12:00:00,271.0
2023-02-25 13:00:00,271.0
2023-02-25 14:00:00,266.0
2023-02-25 15:00:00,268.0
2023-02-25 16:00:00,266.0
2023-02-25 17:00:00,259.0
2023-02-25 18:00:00,263.0
2023-02-25 19:00:00,260.0
2023-02-25 20:00:00,256.0
2023-02-25 21:00:00,252.0
2023-02-25 22:00:00,252.0
2023-02-25 23:00:00,256.0
2023-02-26 00:00:00,242.0
2023-02-26 01:00:00,243.0
2023-02-26 02:00:00,243.0
2023-02-26 03:00:00,244.0
2023-02-26 04:00:00,241.0
2023-02-26 05:00:00,248.0
2023-02-26 06:00:00,245.0
2023-02-26 07:00:00,250.0
2023-02-26 08:00:00,253.0
2023-02-26 09:00:00,258.0
2023-02-26 10:00:00,263.0
2023-02-26 11:00:00,266.0
2023-02-26 12:00:00,271.0
2023-02-26 13:00:00,274.0
2023-02-26 14:00:00,259.0
2023-02-26 15:00:00,267.0
2023-02-26 16:00:00,265.0
2023-02-26 17:00:00,262.0
2023-02-26 18:00:00,265.0
2023-02-26 19:00:00,257.0
2023-02-26 20:00:00,261.0
2023-02-26 21:00:00,256.0
2023-02-26 22:00:00,250.0
2023-02-26 23:00:00,252.0
2023-02-27 00:00:00,241.0
2023-02-27 01:00:00,240.0
2023-02-27 02:00:00,243.0
2023-02-27 03:00:00,242.0
2023-02-27 04:00:00,237.0
2023-02-27 05:00:00,248.0
2023-02-27 06:00:00,255.0
2023-02-27 07:00:00,279.0
2023-02-27 08:00:00,322.0
2023-02-27 09:00:00,378.0
2023-02-27 10:00:00,446.0
2023-02-27 11:00:00,471.0
2023-02-27 12:00:00,474.0
2023-02-27 13:00:00,489.0
2023-02-27 14:00:00,512.0
2023-02-27 15:00:00,499.0
2023-02-27 16:00:00,439.0
2023-02-27 17:00:00,423.0
2023-02-27 18:00:00,376.0
2023-02-27 19:00:00,348.0
2023-02-27 20:00:00,324.0
2023-02-27 21:00:00,316.0
2023-02-27 22:00:00,310.0
2023-02-27 23:00:00,303.0
2023-02-28 00:00:00,273.0
2023-02-28 01:00:00,281.0
2023-02-28 02:00:00,283.0
2023-02-28 03:00:00,279.0
2023-02-28 04:00:00,273.0
2023-02-28 05:00:00,290.0
2023-02-28 06:00:00,293.0
2023-02-28 07:00:00,346.0
2023-02-28 08:00:00,378.0
2023-02-28 09:00:00,442.0
2023-02-28 10:00:00,475.0
2023-02-28 11:00:00,487.0
2023-02-28 12:00:00,469.0
2023-02-28 13:00:00,479.0
2023-02-28 14:00:00,480.0
2023-02-28 15:00:00,459.0
2023-02-28 16:00:00,435.0
2023-02-28 17:00:00,413.0
2023-02-28 18:00:00,383.0
2023-02-28 19:00:00,335.0
2023-02-28 20:00:00,311.0
2023-02-28 21:00:00,301.0
2023-02-28 22:00:00,298.0
2023-02-28 23:00:00,293.0
2023-03-01 00:00:00,276.27713377390336
2023-03-01 01:00:00,270.04392203913824
2023-03-01 02:00:00,270.9394510266981
2023-03-01 03:00:00,270.1137725835731
2023-03-01 04:00:00,270.4632844624452
2023-03-01 05:00:00,276.33268361879146
2023-03-01 06:00:00,281.19550530015897
2023-03-01 07:00:00,320.5105604793813
2023-03-01 08:00:00,343.30258389195586
2023-03-01 09:00:00,380.1422133708626
2023-03-01 10:00:00,401.91411326986935
2023-03-01 11:00:00,429.624236677776
2023-03-01 12:00:00,423.2990123530246
2023-03-01 13:00:00,422.0226469891473
2023-03-01 14:00:00,417.3082273292351
2023-03-01 15:00:00,405.1828907115119
2023-03-01 16:00:00,393.5974841614086
2023-03-01 17:00:00,379.21523209208533
2023-03-01 18:00:00,353.4134239236917
2023-03-01 19:00:00,336.3487003049148
2023-03-01 20:00:00,329.4800342440592
2023-03-01 21:00:00,309.7261134888046
2023-03-01 22:00:00,307.02594447078457
2023-03-01 23:00:00,300.3867953399451
2023-03-02 00:00:00,291.19810995440747
2023-03-02 01:00:00,285.66137364289995
2023-03-02 02:00:00,283.50311086923597
2023-03-02 03:00:00,277.72836022768075
2023-03-02 04:00:00,277.2785575252178
2023-03-02 05:00:00,289.9138810137381
2023-03-02 06:00:00,285.36070127885137
2023-03-02 07:00:00,317.537046243127
2023-03-02 08:00:00,331.46630487793954
2023-03-02 09:00:00,358.66292304603064
2023-03-02 10:00:00,370.42573955405675
2023-03-02 11:00:00,378.3269854291807
2023-03-02 12:00:00,386.90065276567043
2023-03-02 13:00:00,387.09087573723514
2023-03-02 14:00:00,374.0139200747966
2023-03-02 15:00:00,367.6721240961211
2023-03-02 16:00:00,350.70366173867404
2023-03-02 17:00:00,342.73987372323046
2023-03-02 18:00:00,327.773482534818
2023-03-02 19:00:00,318.3232951857663
2023-03-02 20:00:00,307.68888693231736
2023-03-02 21:00:00,303.78610004523324
2023-03-02 22:00:00,303.2746551900118
2023-03-02 23:00:00,298.68564474757216
2023-03-03 00:00:00,287.69163043454336
2023-03-03 01:00:00,285.9160169589706
2023-03-03 02:00:00,281.63706591816896
2023-03-03 03:00:00,286.6205606950833
2023-03-03 04:00:00,275.9234813404847
2023-03-03 05:00:00,279.35672194410404
2023-03-03 06:00:00,278.33449986913996
2023-03-03 07:00:00,297.8372098238274
2023-03-03 08:00:00,297.8230356631323
2023-03-03 09:00:00,307.41886338375656
2023-03-03 10:00:00,307.4062669497036
2023-03-03 11:00:00,316.0173832141855
2023-03-03 12:00:00,319.2966984581609
2023-03-03 13:00:00,318.2928309722546
2023-03-03 14:00:00,311.08966992103393
2023-03-03 15:00:00,312.1405503943969
2023-03-03 16:00:00,310.88203021002136
2023-03-03 17:00:00,310.80851511029493
2023-03-03 18:00:00,301.9612537335256
2023-03-03 19:00:00,294.9915155203096
2023-03-03 20:00:00,288.54343301234945
2023-03-03 21:00:00,279.941614056137
2023-03-03 22:00:00,276.29677926194097
2023-03-03 23:00:00,269.5989893474049
2023-03-04 00:00:00,264.78774714806354
2023-03-04 01:00:00,259.5846227120406
2023-03-04 02:00:00,260.6382134538773
2023-03-04 03:00:00,258.9140028614834
2023-03-04 04:00:00,253.91380186105067
2023-03-04 05:00:00,251.69837188792823
2023-03-04 06:00:00,253.46046270347045
2023-03-04 07:00:00,251.4159712382067
2023-03-04 08:00:00,251.28949041200585
2023-03-04 09:00:00,249.93056851917902
2023-03-04 10:00:00,251.76709177421205
2023-03-04 11:00:00,252.28297322383327
2023-03-04 12:00:00,252.60385234582787
2023-03-04 13:00:00,253.33519866729654
2023-03-04 14:00:00,252.6637263209056
2023-03-04 15:00:00,254.81840577109932
2023-03-04 16:00:00,254.34957722980877
2023-03-04 17:00:00,253.2914795341926
2023-03-04 18:00:00,252.72139171647405
2023-03-04 19:00:00,253.41178254242456
2023-03-04 20:00:00,250.8999055778769
2023-03-04 21:00:00,248.73685867064555
2023-03-04 22:00:00,250.24129286399616
2023-03-04 23:00:00,250.6480094986491
2023-03-05 00:00:00,243.91016548644748
2023-03-05 01:00:00,244.08288427322725
2023-03-05 02:00:00,245.52819567552405
2023-03-05 03:00:00,241.03040715075534
2023-03-05 04:00:00,239.44446238104905
2023-03-05 05:00:00,244.9844073215642
2023-03-05 06:00:00,244.54215139409396
2023-03-05 07:00:00,245.9270383963762
2023-03-05 08:00:00,246.91923582077632
2023-03-05 09:00:00,247.7112544441612
2023-03-05 10:00:00,247.04079075439986
2023-03-05 11:00:00,248.9045158658294
2023-03-05 12:00:00,248.92875779900604
2023-03-05 13:00:00,248.05534334341385
2023-03-05 14:00:00,244.41681648273476
2023-03-05 15:00:00,248.439049504968
2023-03-05 16:00:00,249.41090486112313
2023-03-05 17:00:00,249.27339454890495
2023-03-05 18:00:00,246.86269681983669
2023-03-05 19:00:00,247.0261736178871
2023-03-05 20:00:00,245.7455454477725
2023-03-05 21:00:00,243.91348250585926
2023-03-05 22:00:00,244.88227083204202
2023-03-05 23:00:00,244.01993979083838
2023-03-06 00:00:00,237.5881749806811
2023-03-06 01:00:00,226.57190074481883
2023-03-06 02:00:00,229.17881090442907
2023-03-06 03:00:00,229.9947373519155
2023-03-06 04:00:00,227.8615523064834
2023-03-06 05:00:00,233.50198187840007
2023-03-06 06:00:00,236.92915878320207
2023-03-06 07:00:00,245.72234177295806
2023-03-06 08:00:00,260.59485525711256
2023-03-06 09:00:00,264.7198433400905
2023-03-06 10:00:00,268.0136879054496
2023-03-06 11:00:00,268.78823583294684
2023-03-06 12:00:00,264.5271755947744
2023-03-06 13:00:00,263.90486860752287
2023-03-06 14:00:00,258.7608203395663
2023-03-06 15:00:00,257.67379766202345
2023-03-06 16:00:00,254.76599780447097
2023-03-06 17:00:00,249.95750948178517
2023-03-06 18:00:00,247.81434287313797
2023-03-06 19:00:00,246.88842976086417
2023-03-06 20:00:00,242.9568203255474
2023-03-06 21:00:00,241.74712359145133
2023-03-06 22:00:00,244.90942072434822
2023-03-06 23:00:00,246.58322832215867
2023-03-07 00:00:00,226.95091631504025
2023-03-07 01:00:00,214.01501619879775
2023-03-07 02:00:00,202.27152871132455
2023-03-07 03:00:00,203.33377096074062
2023-03-07 04:00:00,202.57199655336336
2023-03-07 05:00:00,210.31269095582837
2023-03-07 06:00:00,209.1851593074883
2023-03-07 07:00:00,225.64536676275858
2023-03-07 08:00:00,247.93971522375406
2023-03-07 09:00:00,262.6997093209864
2023-03-07 10:00:00,261.44698696036465
2023-03-07 11:00:00,264.5677253902288
2023-03-07 12:00:00,265.30787761402354
2023-03-07 13:00:00,264.6547775024414
2023-03-07 14:00:00,255.06518620365978
2023-03-07 15:00:00,254.13794680592673
2023-03-07 16:00:00,247.270647185154
2023-03-07 17:00:00,247.23508974475573
2023-03-07 18:00:00,248.47085130618333
2023-03-07 19:00:00,247.09264156641382
2023-03-07 20:00:00,243.9589780079075
2023-03-07 21:00:00,243.95475296990216
2023-03-07 22:00:00,243.73161887622277
2023-03-07 23:00:00,244.76020122145
2023-03-08 00:00:00,229.78179750215335
2023-03-08 01:00:00,208.14588370977543
2023-03-08 02:00:00,196.7752889772579
2023-03-08 03:00:00,195.0246054307971
2023-03-08 04:00:00,194.2148644613106
2023-03-08 05:00:00,201.49601917751735
2023-03-08 06:00:00,201.29538430945362
2023-03-08 07:00:00,220.40053375589648
2023-03-08 08:00:00,243.11059130075046
2023-03-08 09:00:00,262.4846264460326
2023-03-08 10:00:00,263.9973562242638
2023-03-08 11:00:00,270.79490901822095
2023-03-08 12:00:00,268.506441741537
2023-03-08 13:00:00,270.4355517221069
2023-03-08 14:00:00,260.1767208834995
2023-03-08 15:00:00,264.3743248857007
2023-03-08 16:00:00,262.31341273394804
2023-03-08 17:00:00,264.0009483052516
2023-03-08 18:00:00,262.73241734225985
2023-03-08 19:00:00,259.52104009708404
2023-03-08 20:00:00,253.54081888627303
2023-03-08 21:00:00,245.36474539369152
2023-03-08 22:00:00,247.6697270466895
2023-03-08 23:00:00,247.89250976205375
2023-03-09 00:00:00,230.43260590606803
2023-03-09 01:00:00,205.23359947322612
2023-03-09 02:00:00,194.29486435224135
2023-03-09 03:00:00,194.7528097031732
2023-03-09 04:00:00,184.83428695461882
2023-03-09 05:00:00,179.28465974708456
2023-03-09 06:00:00,178.51323908286233
2023-03-09 07:00:00,199.77548774438603
2023-03-09 08:00:00,218.07831090991874
2023-03-09 09:00:00,240.6333847394697
2023-03-09 10:00:00,255.40365077053772
2023-03-09 11:00:00,253.58907513004377
2023-03-09 12:00:00,254.27457246837605
2023-03-09 13:00:00,254.39114321738015
2023-03-09 14:00:00,248.0741866066421
2023-03-09 15:00:00,250.87872246237498
2023-03-09 16:00:00,251.70479922084792
2023-03-09 17:00:00,249.31970716978546
2023-03-09 18:00:00,251.61744617424569
2023-03-09 19:00:00,251.89046574090227
2023-03-09 20:00:00,250.32110326589788
2023-03-09 21:00:00,248.3524772430739
2023-03-09 22:00:00,250.66344976652647
2023-03-09 23:00:00,250.49240812860882
2023-03-10 00:00:00,232.91575345954797
2023-03-10 01:00:00,205.9300166672531
2023-03-10 02:00:00,188.34840212024488
2023-03-10 03:00:00,172.6717050178483
2023-03-10 04:00:00,154.32722279907117
2023-03-10 05:00:00,150.9819257776181
2023-03-10 06:00:00,148.54053750200765
2023-03-10 07:00:00,155.6165939968529
2023-03-10 08:00:00,162.5536528620372
2023-03-10 09:00:00,173.5825237004101
2023-03-10 10:00:00,191.2987823360068
2023-03-10 11:00:00,192.0944948339368
2023-03-10 12:00:00,191.86825426669805
2023-03-10 13:00:00,192.7450083796637
2023-03-10 14:00:00,195.52115942654035
2023-03-10 15:00:00,214.47731211177182
2023-03-10 16:00:00,212.35360589980172
2023-03-10 17:00:00,210.050760403832
2023-03-10 18:00:00,210.27337569667063
2023-03-10 19:00:00,211.90153008344765
2023-03-10 20:00:00,211.60592291189676
2023-03-10 21:00:00,211.24649120820553
2023-03-10 22:00:00,212.7220522176219
2023-03-10 23:00:00,214.84408982984348
2023-03-11 00:00:00,209.5027131965051
2023-03-11 01:00:00,198.2527944386872
2023-03-11 02:00:00,189.82822695326524
2023-03-11 03:00:00,166.51801975739403
2023-03-11 04:00:00,149.71121621852703
2023-03-11 05:00:00,138.52482105932705
2023-03-11 06:00:00,133.15881945925773
2023-03-11 07:00:00,127.72354637627622
2023-03-11 08:00:00,128.12582789441257
2023-03-11 09:00:00,127.28440168847742
2023-03-11 10:00:00,128.15212059657438
2023-03-11 11:00:00,126.22086414773732
2023-03-11 12:00:00,125.15062130214572
2023-03-11 13:00:00,124.18823033430922
2023-03-11 14:00:00,122.95013568379952
2023-03-11 15:00:00,122.94121203950068
2023-03-11 16:00:00,124.37497729005028
2023-03-11 17:00:00,122.08267919102319
2023-03-11 18:00:00,118.92631494827428
2023-03-11 19:00:00,116.07087227459317
2023-03-11 20:00:00,115.26873614855342
2023-03-11 21:00:00,114.01556474155443
2023-03-11 22:00:00,116.63756012571002
2023-03-11 23:00:00,118.94929760465497
2023-03-12 00:00:00,121.81558236493537
2023-03-12 01:00:00,121.33178059634346
2023-03-12 02:00:00,118.79936653104271
2023-03-12 03:00:00,113.57120450472182
2023-03-12 04:00:00,108.18571718752001
2023-03-12 05:00:00,110.30219580360493
2023-03-12 06:00:00,116.72447999596423
2023-03-12 07:00:00,113.56299570998657
2023-03-12 08:00:00,116.99856110008332
2023-03-12 09:00:00,113.74392197594365
2023-03-12 10:00:00,111.76712558340644
2023-03-12 11:00:00,106.93590745871946
2023-03-12 12:00:00,106.22973026364093
2023-03-12 13:00:00,104.51016505735218
2023-03-12 14:00:00,99.85517510563838
2023-03-12 15:00:00,95.71147709152683
2023-03-12 16:00:00,96.84929687873225
2023-03-12 17:00:00,88.83794108100516
2023-03-12 18:00:00,82.27631609238134
2023-03-12 19:00:00,79.26799839859918
2023-03-12 20:00:00,73.59025838227895
2023-03-12 21:00:00,68.98333273560924
2023-03-12 22:00:00,65.50833272103173
2023-03-12 23:00:00,59.43230993230574
2023-03-13 00:00:00,70.56878456918908
2023-03-13 01:00:00,77.19602187586747
2023-03-13 02:00:00,79.13641828793111
2023-03-13 03:00:00,80.20520245248801
2023-03-13 04:00:00,75.23682044349522
2023-03-13 05:00:00,82.36802138093923
2023-03-13 06:00:00,107.77076279449956
2023-03-13 07:00:00,138.20717815845205
2023-03-13 08:00:00,146.10332891636764
2023-03-13 09:00:00,146.1631212542739
2023-03-13 10:00:00,143.6881595855312
2023-03-13 11:00:00,147.65318091776805
2023-03-13 12:00:00,149.64721582116465
2023-03-13 13:00:00,152.60904866318734
2023-03-13 14:00:00,151.40118464733828
2023-03-13 15:00:00,152.683549158747
2023-03-13 16:00:00,148.6072186646593
2023-03-13 17:00:00,142.0673749269673
2023-03-13 18:00:00,138.38122964002898
2023-03-13 19:00:00,129.4000129205057
2023-03-13 20:00:00,107.03536097150806
2023-03-13 21:00:00,99.13643352176575
2023-03-13 22:00:00,87.50954178104905
2023-03-13 23:00:00,81.60705925008752
2023-03-14 00:00:00,85.00874879843298
2023-03-14 01:00:00,90.15157979631465
2023-03-14 02:00:00,95.82942054343279
2023-03-14 03:00:00,98.67617338974381
2023-03-14 04:00:00,100.12385795518274
2023-03-14 05:00:00,107.0841957856905
2023-03-14 06:00:00,116.13934804297361
2023-03-14 07:00:00,138.85731372189738
2023-03-14 08:00:00,150.38859433061086
2023-03-14 09:00:00,151.91922421653493
2023-03-14 10:00:00,150.86814190699405
2023-03-14 11:00:00,151.45741146924084
2023-03-14 12:00:00,149.85141432423646
2023-03-14 13:00:00,151.15373447305768
2023-03-14 14:00:00,148.90688729237814
2023-03-14 15:00:00,150.75698622890636
2023-03-14 16:00:00,149.6572073902872
2023-03-14 17:00:00,145.4098730889862
2023-03-14 18:00:00,143.83015106669149
2023-03-14 19:00:00,138.41577365396594
2023-03-14 20:00:00,123.11421354111734
2023-03-14 21:00:00,113.3565095770192
2023-03-14 22:00:00,108.3402222748872
2023-03-14 23:00:00,105.77646814904496
2023-03-15 00:00:00,104.74390629588545
2023-03-15 01:00:00,102.40501662965661
2023-03-15 02:00:00,103.90889912556142
2023-03-15 03:00:00,103.66420639253958
2023-03-15 04:00:00,101.88078946353745
2023-03-15 05:00:00,105.80052012267845
2023-03-15 06:00:00,117.85644532102236
2023-03-15 07:00:00,139.03772789256092
2023-03-15 08:00:00,146.76013041953695
2023-03-15 09:00:00,150.82215138716754
2023-03-15 10:00:00,151.21809942689293
2023-03-15 11:00:00,153.69682376300867
2023-03-15 12:00:00,156.1291760318748
2023-03-15 13:00:00,157.5279847178578
2023-03-15 14:00:00,154.13091076449436
2023-03-15 15:00:00,158.32009898263573
2023-03-15 16:00:00,156.77177579288397
2023-03-15 17:00:00,148.97780523895236
2023-03-15 18:00:00,146.29817393372053
2023-03-15 19:00:00,143.05783377452607
2023-03-15 20:00:00,126.2974991785223
2023-03-15 21:00:00,109.64187554512728
2023-03-15 22:00:00,107.02538758360521
2023-03-15 23:00:00,99.59736351838023
2023-03-16 00:00:00,89.84919752258547
2023-03-16 01:00:00,84.81627774142746
2023-03-16 02:00:00,80.07584713881789
2023-03-16 03:00:00,76.76916798062587
2023-03-16 04:00:00,75.00757964201601
2023-03-16 05:00:00,82.14368980730887
2023-03-16 06:00:00,100.99073230109441
2023-03-16 07:00:00,128.61895739951436
2023-03-16 08:00:00,136.986452317201
2023-03-16 09:00:00,140.03129592091528
2023-03-16 10:00:00,141.09392841065142
2023-03-16 11:00:00,146.54151396697154
2023-03-16 12:00:00,151.81269456050978
2023-03-16 13:00:00,155.49205905221046
2023-03-16 14:00:00,157.94931730192894
2023-03-16 15:00:00,161.04116632293483
2023-03-16 16:00:00,166.29023158228264
2023-03-16 17:00:00,157.86598989956494
2023-03-16 18:00:00,145.9704788216008
2023-03-16 19:00:00,143.9397309685003
2023-03-16 20:00:00,118.08980352154182
2023-03-16 21:00:00,104.01975604795605
2023-03-16 22:00:00,88.48517726145238
2023-03-16 23:00:00,73.09498467898726
2023-03-17 00:00:00,71.52682279132364
2023-03-17 01:00:00,70.04158238864503
2023-03-17 02:00:00,70.80981173304112
2023-03-17 03:00:00,69.69754836683938
2023-03-17 04:00:00,69.62645311387875
2023-03-17 05:00:00,76.54912947303096
2023-03-17 06:00:00,92.83355568297945
2023-03-17 07:00:00,124.03821594559228
2023-03-17 08:00:00,127.02951825306826
2023-03-17 09:00:00,128.2768662420457
2023-03-17 10:00:00,134.84987486152505
2023-03-17 11:00:00,135.07941191535375
2023-03-17 12:00:00,140.80097771804787
2023-03-17 13:00:00,148.0752982390937
2023-03-17 14:00:00,151.79114692252978
2023-03-17 15:00:00,161.2981547152883
2023-03-17 16:00:00,173.21331262166055
2023-03-17 17:00:00,166.02356454098953
2023-03-17 18:00:00,156.68613091839825
2023-03-17 19:00:00,148.3235146600118
2023-03-17 20:00:00,126.20447975171503
2023-03-17 21:00:00,112.33917385521293
2023-03-17 22:00:00,101.27503295689667
2023-03-17 23:00:00,92.39759514753472
2023-03-18 00:00:00,84.99850471639571
2023-03-18 01:00:00,76.48574901977084
2023-03-18 02:00:00,73.99794565750784
2023-03-18 03:00:00,70.2071494087718
2023-03-18 04:00:00,69.43777395160332
2023-03-18 05:00:00,73.13527056638114
2023-03-18 06:00:00,80.83087757452387
2023-03-18 07:00:00,95.1267590433556
2023-03-18 08:00:00,100.0015762196362
2023-03-18 09:00:00,108.46233234038209
2023-03-18 10:00:00,116.51666726659646
2023-03-18 11:00:00,121.333398424038
2023-03-18 12:00:00,126.74246470450149
2023-03-18 13:00:00,131.4452859971521
2023-03-18 14:00:00,134.72270313450565
2023-03-18 15:00:00,144.80602446598942
2023-03-18 16:00:00,159.28133530040733
2023-03-18 17:00:00,164.33443599392598
2023-03-18 18:00:00,164.4355171142538
2023-03-18 19:00:00,160.35509291158414
2023-03-18 20:00:00,137.30567358743775
2023-03-18 21:00:00,121.21822936004949
2023-03-18 22:00:00,105.9106371286019
2023-03-18 23:00:00,100.8407160625323
2023-03-19 00:00:00,96.51245115749963
2023-03-19 01:00:00,84.93361112873549
2023-03-19 02:00:00,75.66543695701353
2023-03-19 03:00:00,69.21769458909502
2023-03-19 04:00:00,66.12254068318029
2023-03-19 05:00:00,68.66330390555585
2023-03-19 06:00:00,74.74224231633485
2023-03-19 07:00:00,81.7446150222406
2023-03-19 08:00:00,90.03043480821631
2023-03-19 09:00:00,95.22940603027949
2023-03-19 10:00:00,105.19627657362189
2023-03-19 11:00:00,111.3037929688007
2023-03-19 12:00:00,116.86508154676947
2023-03-19 13:00:00,121.76911922173349
2023-03-19 14:00:00,130.0066856749419
2023-03-19 15:00:00,137.5032896321511
2023-03-19 16:00:00,145.75068962209946
2023-03-19 17:00:00,154.36487608144938
2023-03-19 18:00:00,162.2673715055444
2023-03-19 19:00:00,163.34765319454186
2023-03-19 20:00:00,153.5948051659895
2023-03-19 21:00:00,138.1917860015501
2023-03-19 22:00:00,121.91456116386742
2023-03-19 23:00:00,107.55704637821735
2023-03-20 00:00:00,103.79366551660362
2023-03-20 01:00:00,102.71750036853285
2023-03-20 02:00:00,101.62658981056087
2023-03-20 03:00:00,98.57292661100075
2023-03-20 04:00:00,91.99277853819474
2023-03-20 05:00:00,92.69213836589385
2023-03-20 06:00:00,109.21649771123167
2023-03-20 07:00:00,135.30364338730544
2023-03-20 08:00:00,143.83498917410466
2023-03-20 09:00:00,152.7001227687084
2023-03-20 10:00:00,154.0214795162202
2023-03-20 11:00:00,152.17435293611996
2023-03-20 12:00:00,152.9388058483672
2023-03-20 13:00:00,151.85688191996397
2023-03-20 14:00:00,150.75069012629075
2023-03-20 15:00:00,153.15032174685183
2023-03-20 16:00:00,151.0814662697462
2023-03-20 17:00:00,151.92420113688598
2023-03-20 18:00:00,155.5698616450032
2023-03-20 19:00:00,162.88928863779992
2023-03-20 20:00:00,163.94920345501012
2023-03-20 21:00:00,156.51709796138996
2023-03-20 22:00:00,146.98996935047862
2023-03-20 23:00:00,149.90943540409472
2023-03-21 00:00:00,132.76350380385466
2023-03-21 01:00:00,120.03501723367377
2023-03-21 02:00:00,113.04822534812301
2023-03-21 03:00:00,107.19574425609237
2023-03-21 04:00:00,100.42800019701724
2023-03-21 05:00:00,102.38028472187685
2023-03-21 06:00:00,108.2771599068592
2023-03-21 07:00:00,137.03953584852067
2023-03-21 08:00:00,143.9287763057884
2023-03-21 09:00:00,148.72978305134873
2023-03-21 10:00:00,153.0295071529167
2023-03-21 11:00:00,152.72503702181547
2023-03-21 12:00:00,150.56604065454448
2023-03-21 13:00:00,151.71222200884588
2023-03-21 14:00:00,151.50839671380743
2023-03-21 15:00:00,153.31263176285222
2023-03-21 16:00:00,154.63949710558825
2023-03-21 17:00:00,149.27669762044695
2023-03-21 18:00:00,147.8186664134311
2023-03-21 19:00:00,147.67091049948033
2023-03-21 20:00:00,143.07234803245254
2023-03-21 21:00:00,143.81152826670655
2023-03-21 22:00:00,143.2188181312548
2023-03-21 23:00:00,142.9784724443009
2023-03-22 00:00:00,122.5502463986698
2023-03-22 01:00:00,108.02839883450433
2023-03-22 02:00:00,100.52165471946891
2023-03-22 03:00:00,95.02675697459043
2023-03-22 04:00:00,88.11115425356076
2023-03-22 05:00:00,92.57669988778142
2023-03-22 06:00:00,108.04271781029786
2023-03-22 07:00:00,140.2983785384194
2023-03-22 08:00:00,150.33397522231562
2023-03-22 09:00:00,154.180443296055
2023-03-22 10:00:00,159.5529653684511
2023-03-22 11:00:00,159.320275648373
2023-03-22 12:00:00,157.66933592724266
2023-03-22 13:00:00,157.8002021203861
2023-03-22 14:00:00,155.5602716044447
2023-03-22 15:00:00,158.20117037063665
2023-03-22 16:00:00,156.91736923950344
2023-03-22 17:00:00,150.07255186091035
2023-03-22 18:00:00,146.3189010464714
2023-03-22 19:00:00,149.81325230514136
2023-03-22 20:00:00,143.31498401834853
2023-03-22 21:00:00,150.11933640991822
2023-03-22 22:00:00,156.9627076628673
2023-03-22 23:00:00,154.44796758926944
2023-03-23 00:00:00,143.35364161342693
2023-03-23 01:00:00,121.07182022495246
2023-03-23 02:00:00,115.335458770289
2023-03-23 03:00:00,106.87593601892836
2023-03-23 04:00:00,102.78467056301663
2023-03-23 05:00:00,104.73072918137836
2023-03-23 06:00:00,113.10008768521584
2023-03-23 07:00:00,139.2903222731543
2023-03-23 08:00:00,145.42738475461854
2023-03-23 09:00:00,147.9180420755052
2023-03-23 10:00:00,147.09834755707655
2023-03-23 11:00:00,148.6112457793898
2023-03-23 12:00:00,148.82023541656147
2023-03-23 13:00:00,152.38330794000234
2023-03-23 14:00:00,151.27844274761213
2023-03-23 15:00:00,153.74143838804423
2023-03-23 16:00:00,158.83839323731644
2023-03-23 17:00:00,151.9309511860436
2023-03-23 18:00:00,144.70894776304397
2023-03-23 19:00:00,144.66721912999952
2023-03-23 20:00:00,143.96847839101935
2023-03-23 21:00:00,149.03908548378806
2023-03-23 22:00:00,157.217991680012
2023-03-23 23:00:00,158.73374599634616
2023-03-24 00:00:00,145.4899715260572
2023-03-24 01:00:00,122.1466253769906
2023-03-24 02:00:00,115.18737056679694
2023-03-24 03:00:00,108.7090302156442
2023-03-24 04:00:00,103.86936117736772
2023-03-24 05:00:00,107.53002230755784
2023-03-24 06:00:00,118.42357181138436
2023-03-24 07:00:00,134.36653352763597
2023-03-24 08:00:00,139.69682570461742
2023-03-24 09:00:00,143.9411395186001
2023-03-24 10:00:00,143.75944034574945
2023-03-24 11:00:00,144.2566507577938
2023-03-24 12:00:00,142.57517794303976
2023-03-24 13:00:00,144.5703487022874
2023-03-24 14:00:00,145.10941875176584
2023-03-24 15:00:00,149.8586154333869
2023-03-24 16:00:00,149.70170877204666
2023-03-24 17:00:00,144.19527876535338
2023-03-24 18:00:00,147.3855102830062
2023-03-24 19:00:00,152.8125290499486
2023-03-24 20:00:00,144.00588388233584
2023-03-24 21:00:00,150.3762183790919
2023-03-24 22:00:00,157.59304349029622
2023-03-24 23:00:00,159.04366092237987
2023-03-25 00:00:00,145.90479882085134
2023-03-25 01:00:00,119.25157713010304
2023-03-25 02:00:00,110.24509747866163
2023-03-25 03:00:00,100.7594105982666
2023-03-25 04:00:00,97.9324680184416
2023-03-25 05:00:00,100.61418881242042
2023-03-25 06:00:00,109.34364055256425
2023-03-25 07:00:00,127.28914980615875
2023-03-25 08:00:00,128.73417659388315
2023-03-25 09:00:00,130.7849774300919
2023-03-25 10:00:00,131.14706702838723
2023-03-25 11:00:00,128.30427137195915
2023-03-25 12:00:00,133.24756887202582
2023-03-25 13:00:00,134.51136373218776
2023-03-25 14:00:00,130.91629384091263
2023-03-25 15:00:00,131.12079601923577
2023-03-25 16:00:00,131.27217661363153
2023-03-25 17:00:00,128.8589546629817
2023-03-25 18:00:00,125.42744637662466
2023-03-25 19:00:00,125.36199931399351
2023-03-25 20:00:00,128.92424862213585
2023-03-25 21:00:00,128.31885745104088
2023-03-25 22:00:00,131.4045556668902
2023-03-25 23:00:00,131.4881475612626
2023-03-26 00:00:00,130.13187879767145
2023-03-26 01:00:00,116.31160720824089
2023-03-26 02:00:00,100.73152502082914
2023-03-26 03:00:00,92.31714810044362
2023-03-26 04:00:00,85.01836359184091
2023-03-26 05:00:00,87.7631549131362
2023-03-26 06:00:00,93.30875411236471
2023-03-26 07:00:00,99.77457233928841
2023-03-26 08:00:00,108.37316863400233
2023-03-26 09:00:00,120.18498343177473
2023-03-26 10:00:00,123.35746665648831
2023-03-26 11:00:00,121.45501196529517
2023-03-26 12:00:00,130.74233111559656
2023-03-26 13:00:00,136.0361753273271
2023-03-26 14:00:00,132.83507783055762
2023-03-26 15:00:00,129.7526480950655
2023-03-26 16:00:00,131.56320267268748
2023-03-26 17:00:00,123.47315122472457
2023-03-26 18:00:00,119.42260092334368
2023-03-26 19:00:00,118.86870189431693
2023-03-26 20:00:00,121.24197797345317
2023-03-26 21:00:00,124.32571920168996
2023-03-26 22:00:00,123.52398544423114
2023-03-26 23:00:00,122.36959768228866
2023-03-27 00:00:00,118.20492559090826
2023-03-27 01:00:00,108.05809662115144
2023-03-27 02:00:00,102.11277044971297
2023-03-27 03:00:00,95.80859482741589
2023-03-27 04:00:00,90.13681893112555
2023-03-27 05:00:00,95.5511193987757
2023-03-27 06:00:00,108.44546880646419
2023-03-27 07:00:00,133.68002276590727
2023-03-27 08:00:00,141.94853174327116
2023-03-27 09:00:00,147.09740576406656
2023-03-27 10:00:00,149.09340590774087
2023-03-27 11:00:00,151.55379546290575
2023-03-27 12:00:00,153.15823924755026
2023-03-27 13:00:00,153.80408662430742
2023-03-27 14:00:00,154.0587457314468
2023-03-27 15:00:00,155.97281706733884
2023-03-27 16:00:00,152.93434074191032
2023-03-27 17:00:00,139.278014217243
2023-03-27 18:00:00,131.6502122666154
2023-03-27 19:00:00,117.69477508720045
2023-03-27 20:00:00,108.79013336485859
2023-03-27 21:00:00,105.32462756669428
2023-03-27 22:00:00,102.32244205927647
2023-03-27 23:00:00,91.26324145715151
2023-03-28 00:00:00,88.48322111945862
2023-03-28 01:00:00,85.27240809945788
2023-03-28 02:00:00,80.88688947795046
2023-03-28 03:00:00,75.37052461858346
2023-03-28 04:00:00,68.6728428377712
2023-03-28 05:00:00,76.52797810523836
2023-03-28 06:00:00,94.9384245465308
2023-03-28 07:00:00,127.29390559139517
2023-03-28 08:00:00,133.17443347234456
2023-03-28 09:00:00,137.25002921319137
2023-03-28 10:00:00,140.04927122756587
2023-03-28 11:00:00,141.9158550651887
2023-03-28 12:00:00,145.07120922404565
2023-03-28 13:00:00,154.08248308580647
2023-03-28 14:00:00,159.08250624958424
2023-03-28 15:00:00,159.88191807070166
2023-03-28 16:00:00,157.2908168001324
2023-03-28 17:00:00,148.12594398554023
2023-03-28 18:00:00,140.44466360228898
2023-03-28 19:00:00,128.34596622731
2023-03-28 20:00:00,108.99070816076005
2023-03-28 21:00:00,100.10997502293112
2023-03-28 22:00:00,90.05000600891834
2023-03-28 23:00:00,79.69782750682265
2023-03-29 00:00:00,80.40691980683827
2023-03-29 01:00:00,78.90354264168822
2023-03-29 02:00:00,76.29018128259013
2023-03-29 03:00:00,70.80043498849054
2023-03-29 04:00:00,60.330951012797314
2023-03-29 05:00:00,69.59768135598722
2023-03-29 06:00:00,79.86354700645191
2023-03-29 07:00:00,112.93249689580152
2023-03-29 08:00:00,130.4302301397596
2023-03-29 09:00:00,138.30676576142753
2023-03-29 10:00:00,141.68880865005644
2023-03-29 11:00:00,136.8655212073204
2023-03-29 12:00:00,130.50804215815222
2023-03-29 13:00:00,132.32187990464732
2023-03-29 14:00:00,129.94470174921483
2023-03-29 15:00:00,131.9884616341247
2023-03-29 16:00:00,136.4659180364549
2023-03-29 17:00:00,128.5572944084092
2023-03-29 18:00:00,122.45341643370548
2023-03-29 19:00:00,116.34528295498373
2023-03-29 20:00:00,103.24126090737725
2023-03-29 21:00:00,94.46106495826311
2023-03-29 22:00:00,81.94262886383589
2023-03-29 23:00:00,69.73098951973307
2023-03-30 00:00:00,65.87452784861539
2023-03-30 01:00:00,65.10341281198792
2023-03-30 02:00:00,71.51431869671622
2023-03-30 03:00:00,63.12423478476308
2023-03-30 04:00:00,54.841613618460585
2023-03-30 05:00:00,61.0191400433722
2023-03-30 06:00:00,74.92559454480111
2023-03-30 07:00:00,104.49677535854588
2023-03-30 08:00:00,121.24167722825746
2023-03-30 09:00:00,131.1153236397508
2023-03-30 10:00:00,127.6864768690975
2023-03-30 11:00:00,127.68482868544746
2023-03-30 12:00:00,123.4604078860858
2023-03-30 13:00:00,128.58763070534638
2023-03-30 14:00:00,129.39842673265707
2023-03-30 15:00:00,130.99131858765466
2023-03-30 16:00:00,135.15749528019737
2023-03-30 17:00:00,125.15794821387989
2023-03-30 18:00:00,113.05614271941445
2023-03-30 19:00:00,108.82902977354264
2023-03-30 20:00:00,91.70156775856184
2023-03-30 21:00:00,83.48532574362973
2023-03-30 22:00:00,73.64372762892619
2023-03-30 23:00:00,62.42440920121715
2023-03-31 00:00:00,58.206577059705445
2023-03-31 01:00:00,54.82903895015775
2023-03-31 02:00:00,56.30054596290775
2023-03-31 03:00:00,57.86946149822573
2023-03-31 04:00:00,56.46250498597601
2023-03-31 05:00:00,64.22895672655693
2023-03-31 06:00:00,74.66723008308968
2023-03-31 07:00:00,104.4099403019313
2023-03-31 08:00:00,120.61464604846104
2023-03-31 09:00:00,129.85680604140134
2023-03-31 10:00:00,133.83451680877616
2023-03-31 11:00:00,130.28428425369916
2023-03-31 12:00:00,130.54815024312308
2023-03-31 13:00:00,132.71185057980156
2023-03-31 14:00:00,128.94424544742066
2023-03-31 15:00:00,130.74163542303577
2023-03-31 16:00:00,134.72615812651162
2023-03-31 17:00:00,123.64800416110744
2023-03-31 18:00:00,114.37899895875641
2023-03-31 19:00:00,109.48559765680642
2023-03-31 20:00:00,93.98975712591856
2023-03-31 21:00:00,87.02755666737704
2023-03-31 22:00:00,80.58420911035441
2023-03-31 23:00:00,74.59624310876748
2023-04-01 00:00:00,69.21958069370046
2023-04-01 01:00:00,65.31129767379771
2023-04-01 02:00:00,63.880037992330735
2023-04-01 03:00:00,58.571741779620574
2023-04-01 04:00:00,54.426992754305985
2023-04-01 05:00:00,55.8648137947264
2023-04-01 06:00:00,57.84365316254651
2023-04-01 07:00:00,61.81195068917699
2023-04-01 08:00:00,75.35827083054974
2023-04-01 09:00:00,93.60233594493022
2023-04-01 10:00:00,110.17485444620647
2023-04-01 11:00:00,119.94109385575064
2023-04-01 12:00:00,122.78914049379831
2023-04-01 13:00:00,124.22301477277763
2023-04-01 14:00:00,122.39464078691452
2023-04-01 15:00:00,125.88994005354226
2023-04-01 16:00:00,132.3813275831273
2023-04-01 17:00:00,120.44683410233593
2023-04-01 18:00:00,111.31202264045203
2023-04-01 19:00:00,110.59146519777511
2023-04-01 20:00:00,94.16394583078664
2023-04-01 21:00:00,87.69865117314414
2023-04-01 22:00:00,79.72330708717732
2023-04-01 23:00:00,70.32996841774869
2023-04-02 00:00:00,65.55363088637017
2023-04-02 01:00:00,61.93219723408911
2023-04-02 02:00:00,59.27722807053824
2023-04-02 03:00:00,57.44904628074929
2023-04-02 04:00:00,56.50964246094759
2023-04-02 05:00:00,59.5133631597899
2023-04-02 06:00:00,61.03985808222578
2023-04-02 07:00:00,60.34719949822828
2023-04-02 08:00:00,66.22326359795008
2023-04-02 09:00:00,74.83532525961196
2023-04-02 10:00:00,85.83892529596163
2023-04-02 11:00:00,102.062023665234
2023-04-02 12:00:00,114.87385074800659
2023-04-02 13:00:00,121.03096993300649
2023-04-02 14:00:00,125.53740893650601
2023-04-02 15:00:00,127.98460619766198
2023-04-02 16:00:00,134.91187544778307
2023-04-02 17:00:00,126.45588205353717
2023-04-02 18:00:00,112.97930408236243
2023-04-02 19:00:00,110.18823210837802
2023-04-02 20:00:00,94.82682865008242
2023-04-02 21:00:00,90.41389680361684
2023-04-02 22:00:00,84.29116048870866
2023-04-02 23:00:00,73.2987706415615
2023-04-03 00:00:00,68.9545553815103
2023-04-03 01:00:00,68.16325121522165
2023-04-03 02:00:00,70.57046865181226
2023-04-03 03:00:00,66.78357167958448
2023-04-03 04:00:00,64.25075746100836
2023-04-03 05:00:00,70.76877108043969
2023-04-03 06:00:00,79.77157241145882
2023-04-03 07:00:00,103.35414055891918
2023-04-03 08:00:00,118.07057451932839
2023-04-03 09:00:00,131.95925517451633
2023-04-03 10:00:00,135.3829028305576
2023-04-03 11:00:00,140.44648546523396
2023-04-03 12:00:00,147.46887159762798
2023-04-03 13:00:00,154.07192664214435
2023-04-03 14:00:00,160.30800179690115
2023-04-03 15:00:00,161.42492531827023
2023-04-03 16:00:00,168.75733417080684
2023-04-03 17:00:00,164.53004015492127
2023-04-03 18:00:00,159.25717596701682
2023-04-03 19:00:00,148.42726912149948
2023-04-03 20:00:00,136.43572033257388
2023-04-03 21:00:00,127.69904978593213
2023-04-03 22:00:00,115.33249240671181
2023-04-03 23:00:00,105.8154704626417
2023-04-04 00:00:00,94.99946270328273
2023-04-04 01:00:00,84.71538958829974
2023-04-04 02:00:00,77.27473936956531
2023-04-04 03:00:00,68.12593379291897
2023-04-04 04:00:00,64.25345206929322
2023-04-04 05:00:00,72.85164426220938
2023-04-04 06:00:00,84.2356235461286
2023-04-04 07:00:00,117.74627910212267
2023-04-04 08:00:00,128.87260480587884
2023-04-04 09:00:00,135.44874100783204
2023-04-04 10:00:00,137.61800122439826
2023-04-04 11:00:00,142.45010516717187
2023-04-04 12:00:00,149.8986337627721
2023-04-04 13:00:00,157.1522145478588
2023-04-04 14:00:00,162.4462556527589
2023-04-04 15:00:00,174.43186283791553
2023-04-04 16:00:00,184.99490727493352
2023-04-04 17:00:00,182.15338980777477
2023-04-04 18:00:00,177.88726809202436
2023-04-04 19:00:00,169.6277418938538
2023-04-04 20:00:00,155.52002359182254
2023-04-04 21:00:00,144.17340213008484
2023-04-04 22:00:00,138.18287484169775
2023-04-04 23:00:00,125.70254277278222
2023-04-05 00:00:00,112.03526978442599
2023-04-05 01:00:00,98.01598223787671
2023-04-05 02:00:00,92.0548547507271
2023-04-05 03:00:00,82.4609065266589
2023-04-05 04:00:00,75.75434186138058
2023-04-05 05:00:00,81.17621265423831
2023-04-05 06:00:00,99.20364841194348
2023-04-05 07:00:00,130.42107039382208
2023-04-05 08:00:00,141.84977290679603
2023-04-05 09:00:00,147.43778163302702
2023-04-05 10:00:00,150.25831742564162
2023-04-05 11:00:00,158.37309088738888
2023-04-05 12:00:00,162.2907523158345
2023-04-05 13:00:00,168.11679928944935
2023-04-05 14:00:00,170.56723909754083
2023-04-05 15:00:00,170.9859531399
2023-04-05 16:00:00,168.54624289415796
2023-04-05 17:00:00,169.33382746634666
2023-04-05 18:00:00,168.00584724802465
2023-04-05 19:00:00,168.56537464448104
2023-04-05 20:00:00,159.57065511562595
2023-04-05 21:00:00,150.08958496715763
2023-04-05 22:00:00,154.1585456680508
2023-04-05 23:00:00,148.3827582037576
2023-04-06 00:00:00,127.07779371641412
2023-04-06 01:00:00,113.75903360020673
2023-04-06 02:00:00,105.97302176132122
2023-04-06 03:00:00,100.62522093492034
2023-04-06 04:00:00,96.69021493166812
2023-04-06 05:00:00,98.35175614044113
2023-04-06 06:00:00,107.93482950187722
2023-04-06 07:00:00,138.96979416694373
2023-04-06 08:00:00,145.93627096797445
2023-04-06 09:00:00,150.28593563744434
2023-04-06 10:00:00,152.88886065639858
2023-04-06 11:00:00,153.46025445257413
2023-04-06 12:00:00,159.88958765701355
2023-04-06 13:00:00,159.38901706033684
2023-04-06 14:00:00,159.45184492866386
2023-04-06 15:00:00,158.06578579926608
2023-04-06 16:00:00,158.6009921033757
2023-04-06 17:00:00,156.59997866142635
2023-04-06 18:00:00,158.51136795797856
2023-04-06 19:00:00,160.25002722636594
2023-04-06 20:00:00,151.8184002339011
2023-04-06 21:00:00,151.9709546308012
2023-04-06 22:00:00,153.4188326269553
2023-04-06 23:00:00,143.58669568334304
2023-04-07 00:00:00,124.65419868832292
2023-04-07 01:00:00,110.54840422545278
2023-04-07 02:00:00,104.00827895506231
2023-04-07 03:00:00,95.84043256613701
2023-04-07 04:00:00,89.88843892546896
2023-04-07 05:00:00,92.54499697191764
2023-04-07 06:00:00,104.8743099708422
2023-04-07 07:00:00,127.40438438610097
2023-04-07 08:00:00,132.25402850462402
2023-04-07 09:00:00,131.42951303521448
2023-04-07 10:00:00,131.31620772314264
2023-04-07 11:00:00,133.17436733019372
2023-04-07 12:00:00,135.31755386567332
2023-04-07 13:00:00,140.70557756676297
2023-04-07 14:00:00,142.51730096293764
2023-04-07 15:00:00,147.7155997109723
2023-04-07 16:00:00,148.6234442322277
2023-04-07 17:00:00,145.5509779489748
2023-04-07 18:00:00,144.001481418563
2023-04-07 19:00:00,146.46835328826384
2023-04-07 20:00:00,144.69242411857016
2023-04-07 21:00:00,145.99847712379002
2023-04-07 22:00:00,153.47295178876854
2023-04-07 23:00:00,147.7294234546191
2023-04-08 00:00:00,122.10413558503885
2023-04-08 01:00:00,102.4171141853612
2023-04-08 02:00:00,93.17169703370278
2023-04-08 03:00:00,86.4603497754584
2023-04-08 04:00:00,77.91387023337002
2023-04-08 05:00:00,81.3888127177894
2023-04-08 06:00:00,86.47972468003898
2023-04-08 07:00:00,94.6755103516048
2023-04-08 08:00:00,101.8958089772468
2023-04-08 09:00:00,108.90810443148983
2023-04-08 10:00:00,112.8191934665392
2023-04-08 11:00:00,117.10358115580559
2023-04-08 12:00:00,123.51808515850621
2023-04-08 13:00:00,128.5713058405559
2023-04-08 14:00:00,131.32717173390455
2023-04-08 15:00:00,135.63115842271063
2023-04-08 16:00:00,138.68192019564276
2023-04-08 17:00:00,138.92977623686835
2023-04-08 18:00:00,134.67800188155903
2023-04-08 19:00:00,131.05266317906108
2023-04-08 20:00:00,128.1870924413412
2023-04-08 21:00:00,130.80526619939667
2023-04-08 22:00:00,132.4642307863369
2023-04-08 23:00:00,130.28913274145143
2023-04-09 00:00:00,117.42855193673364
2023-04-09 01:00:00,96.70830967615706
2023-04-09 02:00:00,88.98502808650119
2023-04-09 03:00:00,83.61915036592076
2023-04-09 04:00:00,81.88890058144598
2023-04-09 05:00:00,83.57923392126108
2023-04-09 06:00:00,88.52916083641868
2023-04-09 07:00:00,90.53094285504673
2023-04-09 08:00:00,96.42274856811275
2023-04-09 09:00:00,98.44844312151807
2023-04-09 10:00:00,105.21860316976198
2023-04-09 11:00:00,113.13299754959456
2023-04-09 12:00:00,121.7952769863652
2023-04-09 13:00:00,128.41900035906846
2023-04-09 14:00:00,131.20346068976184
2023-04-09 15:00:00,138.97311274799003
2023-04-09 16:00:00,144.95313708768282
2023-04-09 17:00:00,142.10849396152224
2023-04-09 18:00:00,138.98911902870753
2023-04-09 19:00:00,132.61227142518058
2023-04-09 20:00:00,126.96887225936177
2023-04-09 21:00:00,129.84325393914074
2023-04-09 22:00:00,129.45134085869992
2023-04-09 23:00:00,128.59079117027795
2023-04-10 00:00:00,119.08367692082342
2023-04-10 01:00:00,106.00422031692732
2023-04-10 02:00:00,101.90773500321073
2023-04-10 03:00:00,97.09927343188751
2023-04-10 04:00:00,89.70519882652444
2023-04-10 05:00:00,95.7414135583882
2023-04-10 06:00:00,108.51731187964633
2023-04-10 07:00:00,130.40969873423046
2023-04-10 08:00:00,137.47308878886048
2023-04-10 09:00:00,144.8808692206762
2023-04-10 10:00:00,149.1410402718354
2023-04-10 11:00:00,159.42504977620447
2023-04-10 12:00:00,159.70621515657774
2023-04-10 13:00:00,160.59586409769648
2023-04-10 14:00:00,164.7392510196055
2023-04-10 15:00:00,164.73153055171764
2023-04-10 16:00:00,166.88653726996336
2023-04-10 17:00:00,166.0953587029371
2023-04-10 18:00:00,162.78520094107523
2023-04-10 19:00:00,159.5943894411248
2023-04-10 20:00:00,148.16078346117365
2023-04-10 21:00:00,151.6735751565922
2023-04-10 22:00:00,155.47184301999073
2023-04-10 23:00:00,151.70098442589543
2023-04-11 00:00:00,133.51513899713547
2023-04-11 01:00:00,117.31047392465621
2023-04-11 02:00:00,105.55246064293081
2023-04-11 03:00:00,98.9949638780489
2023-04-11 04:00:00,96.18203191864674
2023-04-11 05:00:00,101.70931482343084
2023-04-11 06:00:00,110.43859745195675
2023-04-11 07:00:00,139.46737291047873
2023-04-11 08:00:00,149.408929009822
2023-04-11 09:00:00,157.19104885134252
2023-04-11 10:00:00,161.88979621918958
2023-04-11 11:00:00,168.36628814823794
2023-04-11 12:00:00,168.56588650238768
2023-04-11 13:00:00,170.3054497899658
2023-04-11 14:00:00,173.13302372697908
2023-04-11 15:00:00,172.6450308747116
2023-04-11 16:00:00,171.70312344381472
2023-04-11 17:00:00,168.46481791582414
2023-04-11 18:00:00,166.39431256342425
2023-04-11 19:00:00,163.1068216550165
2023-04-11 20:00:00,152.0741002515004
2023-04-11 21:00:00,148.40066221616814
2023-04-11 22:00:00,155.91436890838148
2023-04-11 23:00:00,152.62832723117393
2023-04-12 00:00:00,131.34434827672723
2023-04-12 01:00:00,114.11730092380573
2023-04-12 02:00:00,106.13445100077813
2023-04-12 03:00:00,102.22965526893236
2023-04-12 04:00:00,99.99170273329169
2023-04-12 05:00:00,104.87930769616075
2023-04-12 06:00:00,114.07014973118446
2023-04-12 07:00:00,139.4299107391931
2023-04-12 08:00:00,149.31665804644715
2023-04-12 09:00:00,153.8586308188609
2023-04-12 10:00:00,160.75283983726723
2023-04-12 11:00:00,171.7771200533334
2023-04-12 12:00:00,172.4940262448327
2023-04-12 13:00:00,173.61978293501414
2023-04-12 14:00:00,186.145281964388
2023-04-12 15:00:00,182.17947837914508
2023-04-12 16:00:00,183.42405337283253
2023-04-12 17:00:00,180.24628829770415
2023-04-12 18:00:00,179.03696509822657
2023-04-12 19:00:00,176.9410535141661
2023-04-12 20:00:00,168.07010092339948
2023-04-12 21:00:00,154.606514442991
2023-04-12 22:00:00,157.83795927592723
2023-04-12 23:00:00,154.8370401952564
2023-04-13 00:00:00,139.19460248979792
2023-04-13 01:00:00,116.56201494252127
2023-04-13 02:00:00,103.41409682868718
2023-04-13 03:00:00,98.8981566572362
2023-04-13 04:00:00,95.69791152460068
2023-04-13 05:00:00,97.85929634253004
2023-04-13 06:00:00,112.04815244115125
2023-04-13 07:00:00,138.4830610537008
2023-04-13 08:00:00,145.25225436655174
2023-04-13 09:00:00,148.28370643608528
2023-04-13 10:00:00,148.9434496660545
2023-04-13 11:00:00,157.5359786554466
2023-04-13 12:00:00,161.9977004492324
2023-04-13 13:00:00,170.66445325153148
2023-04-13 14:00:00,170.0362475660424
2023-04-13 15:00:00,173.2640653242169
2023-04-13 16:00:00,184.90331741980384
2023-04-13 17:00:00,179.2209981540401
2023-04-13 18:00:00,178.38566825222887
2023-04-13 19:00:00,178.98922592868624
2023-04-13 20:00:00,178.3272444376442
2023-04-13 21:00:00,172.5141942890936
2023-04-13 22:00:00,168.8561534628527
2023-04-13 23:00:00,169.22159426497373
2023-04-14 00:00:00,147.8416200881091
2023-04-14 01:00:00,119.67404645975654
2023-04-14 02:00:00,106.26611884749896
2023-04-14 03:00:00,99.87181313934077
2023-04-14 04:00:00,98.96646756547098
2023-04-14 05:00:00,103.2978563789908
2023-04-14 06:00:00,113.00945433586607
2023-04-14 07:00:00,134.91105534962767
2023-04-14 08:00:00,138.60382570042407
2023-04-14 09:00:00,142.54682094835667
2023-04-14 10:00:00,144.4518636963831
2023-04-14 11:00:00,147.18559752288965
2023-04-14 12:00:00,153.84896594230372
2023-04-14 13:00:00,162.72688320095867
2023-04-14 14:00:00,168.7623199830713
2023-04-14 15:00:00,170.43685389840456
2023-04-14 16:00:00,171.00040439472482
2023-04-14 17:00:00,171.71415432498233
2023-04-14 18:00:00,171.31558850840483
2023-04-14 19:00:00,172.9634035658877
2023-04-14 20:00:00,170.73517934839816
2023-04-14 21:00:00,171.29865332618874
2023-04-14 22:00:00,173.26414587927655
2023-04-14 23:00:00,180.58852317310877
2023-04-15 00:00:00,159.50596018860816
2023-04-15 01:00:00,128.79258826604283
2023-04-15 02:00:00,107.40553717960441
2023-04-15 03:00:00,95.88278666390612
2023-04-15 04:00:00,89.35021725944806
2023-04-15 05:00:00,91.72421466442452
2023-04-15 06:00:00,95.19372823677222
2023-04-15 07:00:00,103.45104701970597
2023-04-15 08:00:00,113.65504506398541
2023-04-15 09:00:00,119.61659059882233
2023-04-15 10:00:00,122.99638140926159
2023-04-15 11:00:00,124.73943141456164
2023-04-15 12:00:00,131.51653168389927
2023-04-15 13:00:00,141.79050537853348
2023-04-15 14:00:00,148.5032280069902
2023-04-15 15:00:00,154.31505977145022
2023-04-15 16:00:00,166.3827953726616
2023-04-15 17:00:00,168.437503594374
2023-04-15 18:00:00,164.03322624432275
2023-04-15 19:00:00,168.2149797597957
2023-04-15 20:00:00,167.83668429814355
2023-04-15 21:00:00,173.1051032047944
2023-04-15 22:00:00,170.39050889380474
2023-04-15 23:00:00,173.62012490971753
2023-04-16 00:00:00,168.349745355961
2023-04-16 01:00:00,134.70629216112698
2023-04-16 02:00:00,111.74759124779216
2023-04-16 03:00:00,95.00424653993906
2023-04-16 04:00:00,81.88144656110623
2023-04-16 05:00:00,77.27564087553556
2023-04-16 06:00:00,80.06828044814611
2023-04-16 07:00:00,82.81770999588025
2023-04-16 08:00:00,89.88584584556132
2023-04-16 09:00:00,103.03396637028398
2023-04-16 10:00:00,112.47983735054751
2023-04-16 11:00:00,119.36286334586718
2023-04-16 12:00:00,125.09042767291027
2023-04-16 13:00:00,132.11547085402637
2023-04-16 14:00:00,134.65416996516345
2023-04-16 15:00:00,138.3700476027271
2023-04-16 16:00:00,149.86867762920494
2023-04-16 17:00:00,155.494484674425
2023-04-16 18:00:00,161.38378246391486
2023-04-16 19:00:00,166.73296822505654
2023-04-16 20:00:00,168.74603661320802
2023-04-16 21:00:00,168.3177058404387
2023-04-16 22:00:00,172.30741131911023
2023-04-16 23:00:00,169.7382136328449
2023-04-17 00:00:00,157.03702560147292
2023-04-17 01:00:00,132.40208395226585
2023-04-17 02:00:00,117.46039767529702
2023-04-17 03:00:00,105.03448411488982
2023-04-17 04:00:00,99.1489343957034
2023-04-17 05:00:00,106.0506655514509
2023-04-17 06:00:00,116.26064745825232
2023-04-17 07:00:00,133.99651681626304
2023-04-17 08:00:00,140.56586721632954
2023-04-17 09:00:00,146.40457365901761
2023-04-17 10:00:00,153.88527439182445
2023-04-17 11:00:00,164.23168479732567
2023-04-17 12:00:00,169.19945091740044
2023-04-17 13:00:00,171.1406559631147
2023-04-17 14:00:00,169.68554246528376
2023-04-17 15:00:00,170.4652912889107
2023-04-17 16:00:00,171.35473794839348
2023-04-17 17:00:00,171.8796111802303
2023-04-17 18:00:00,170.84089922690248
2023-04-17 19:00:00,172.07352632950924
2023-04-17 20:00:00,175.41261729682446
2023-04-17 21:00:00,179.86352687211104
2023-04-17 22:00:00,182.6314886459762
2023-04-17 23:00:00,181.8434447213739
2023-04-18 00:00:00,169.16841003397485
2023-04-18 01:00:00,138.61428040049825
2023-04-18 02:00:00,123.98312933022076
2023-04-18 03:00:00,112.4463706077323
2023-04-18 04:00:00,104.30155120584747
2023-04-18 05:00:00,103.36935890067997
2023-04-18 06:00:00,117.71733710797794
2023-04-18 07:00:00,135.33713123689824
2023-04-18 08:00:00,142.27730919598412
2023-04-18 09:00:00,150.5282167830017
2023-04-18 10:00:00,156.21090673653688
2023-04-18 11:00:00,166.3027062254321
2023-04-18 12:00:00,170.27590478670928
2023-04-18 13:00:00,173.70796409452407
2023-04-18 14:00:00,183.36856391858814
2023-04-18 15:00:00,182.97063016250345
2023-04-18 16:00:00,184.44157701610632
2023-04-18 17:00:00,182.43130468190694
2023-04-18 18:00:00,179.87228434709652
2023-04-18 19:00:00,177.30173230708766
2023-04-18 20:00:00,180.1316480641025
2023-04-18 21:00:00,175.82612482524604
2023-04-18 22:00:00,178.04960418472103
2023-04-18 23:00:00,180.4186529051893
2023-04-19 00:00:00,164.59718698687152
2023-04-19 01:00:00,140.44910476901515
2023-04-19 02:00:00,130.66040095497848
2023-04-19 03:00:00,120.86780695751224
2023-04-19 04:00:00,113.0549508124951
2023-04-19 05:00:00,114.41604594624651
2023-04-19 06:00:00,121.57760770457597
2023-04-19 07:00:00,140.60093413010938
2023-04-19 08:00:00,150.53329272014707
2023-04-19 09:00:00,156.58214390291585
2023-04-19 10:00:00,159.72065350628571
2023-04-19 11:00:00,167.10070295034862
2023-04-19 12:00:00,171.43389444782767
2023-04-19 13:00:00,178.59279924656028
2023-04-19 14:00:00,187.21164627843694
2023-04-19 15:00:00,183.09656464000113
2023-04-19 16:00:00,186.20299740346175
2023-04-19 17:00:00,183.02840605307298
2023-04-19 18:00:00,179.52938494792494
2023-04-19 19:00:00,176.77370759457156
2023-04-19 20:00:00,178.7929837767976
2023-04-19 21:00:00,179.34227973080158
2023-04-19 22:00:00,179.59245180029467
2023-04-19 23:00:00,180.08686966439927
2023-04-20 00:00:00,169.5497952559232
2023-04-20 01:00:00,143.59935519054193
2023-04-20 02:00:00,131.37320395688934
2023-04-20 03:00:00,123.26184626183802
2023-04-20 04:00:00,110.96616588290989
2023-04-20 05:00:00,110.7863351604222
2023-04-20 06:00:00,118.04692310699423
2023-04-20 07:00:00,134.59558779386748
2023-04-20 08:00:00,139.25690160839702
2023-04-20 09:00:00,145.44738022188747
2023-04-20 10:00:00,147.66881339977982
2023-04-20 11:00:00,155.47778068011473
2023-04-20 12:00:00,157.46553979244177
2023-04-20 13:00:00,161.35299408914352
2023-04-20 14:00:00,166.3618274391122
2023-04-20 15:00:00,169.7248267800484
2023-04-20 16:00:00,164.57209729842268
2023-04-20 17:00:00,161.01749985261335
2023-04-20 18:00:00,162.61838151040902
2023-04-20 19:00:00,162.69536333430798
2023-04-20 20:00:00,164.13757256163277
2023-04-20 21:00:00,167.8909757790953
2023-04-20 22:00:00,173.05324333042677
2023-04-20 23:00:00,171.64091489050938
2023-04-21 00:00:00,155.52041812169023
2023-04-21 01:00:00,132.5403378999076
2023-04-21 02:00:00,122.10290265156848
2023-04-21 03:00:00,113.71939282244313
2023-04-21 04:00:00,103.95960441436777
2023-04-21 05:00:00,105.4396216509016
2023-04-21 06:00:00,114.4826696301706
2023-04-21 07:00:00,132.05858274551184
2023-04-21 08:00:00,131.41822242627381
2023-04-21 09:00:00,131.54410995989193
2023-04-21 10:00:00,132.72301150716083
2023-04-21 11:00:00,135.88473497681215
2023-04-21 12:00:00,140.2722850006406
2023-04-21 13:00:00,153.51473098552145
2023-04-21 14:00:00,162.63195403774867
2023-04-21 15:00:00,167.36519050298048
2023-04-21 16:00:00,167.22765860721876
2023-04-21 17:00:00,164.5746008784237
2023-04-21 18:00:00,163.59531711071494
2023-04-21 19:00:00,164.90046161139136
2023-04-21 20:00:00,164.37653571355253
2023-04-21 21:00:00,166.59894836674383
2023-04-21 22:00:00,172.77877507121775
2023-04-21 23:00:00,173.34764862887837
2023-04-22 00:00:00,163.13450418076494
2023-04-22 01:00:00,135.41652449444172
2023-04-22 02:00:00,117.21070976184296
2023-04-22 03:00:00,100.44080470342111
2023-04-22 04:00:00,93.920201614969
2023-04-22 05:00:00,92.62621957296494
2023-04-22 06:00:00,96.75248067478324
2023-04-22 07:00:00,104.34475510234249
2023-04-22 08:00:00,111.24830726647744
2023-04-22 09:00:00,118.5649093901429
2023-04-22 10:00:00,119.9622023138911
2023-04-22 11:00:00,120.7935558710155
2023-04-22 12:00:00,127.30806995220702
2023-04-22 13:00:00,132.55916992229132
2023-04-22 14:00:00,138.55981289135482
2023-04-22 15:00:00,145.77584421852677
2023-04-22 16:00:00,151.53141590615758
2023-04-22 17:00:00,148.16237691959367
2023-04-22 18:00:00,143.4821686056951
2023-04-22 19:00:00,147.5116324744872
2023-04-22 20:00:00,146.6031533999202
2023-04-22 21:00:00,157.87045699547045
2023-04-22 22:00:00,163.58375595046633
2023-04-22 23:00:00,172.36006341995207
2023-04-23 00:00:00,154.5841048484228
2023-04-23 01:00:00,129.4232273438904
2023-04-23 02:00:00,111.7092532606217
2023-04-23 03:00:00,96.24285326430979
2023-04-23 04:00:00,87.23127896305567
2023-04-23 05:00:00,85.44274916279622
2023-04-23 06:00:00,87.26125422265977
2023-04-23 07:00:00,88.64791470059083
2023-04-23 08:00:00,93.79990587894945
2023-04-23 09:00:00,101.25953696313216
2023-04-23 10:00:00,109.56280870432224
2023-04-23 11:00:00,115.78908651739334
2023-04-23 12:00:00,119.61223716754824
2023-04-23 13:00:00,123.28058512209482
2023-04-23 14:00:00,130.52680529400496
2023-04-23 15:00:00,135.36102338771354
2023-04-23 16:00:00,138.99239870632883
2023-04-23 17:00:00,135.48517214379143
2023-04-23 18:00:00,130.94845145681197
2023-04-23 19:00:00,127.28451820210103
2023-04-23 20:00:00,131.36522397795906
2023-04-23 21:00:00,131.30897219613144
2023-04-23 22:00:00,137.92469831736582
2023-04-23 23:00:00,145.28987664294098
2023-04-24 00:00:00,139.7605924728291
2023-04-24 01:00:00,119.3925625196916
2023-04-24 02:00:00,109.87218949859546
2023-04-24 03:00:00,104.47101588800112
2023-04-24 04:00:00,102.03396904057587
2023-04-24 05:00:00,106.45833456189406
2023-04-24 06:00:00,115.12091451824817
2023-04-24 07:00:00,133.95707774044374
2023-04-24 08:00:00,140.0327967771542
2023-04-24 09:00:00,144.5932411225245
2023-04-24 10:00:00,143.09953064161644
2023-04-24 11:00:00,144.00632826221735
2023-04-24 12:00:00,145.11620437423522
2023-04-24 13:00:00,144.76015557518846
2023-04-24 14:00:00,147.09553608075353
2023-04-24 15:00:00,148.22726148887432
2023-04-24 16:00:00,151.62412167265268
2023-04-24 17:00:00,144.42212271328864
2023-04-24 18:00:00,141.77228563734718
2023-04-24 19:00:00,130.09728427571858
2023-04-24 20:00:00,121.00548295448841
2023-04-24 21:00:00,119.17052917777401
2023-04-24 22:00:00,122.44419420159596
2023-04-24 23:00:00,124.4914704724914
2023-04-25 00:00:00,121.98247970044636
2023-04-25 01:00:00,114.95139069451905
2023-04-25 02:00:00,107.89209869461509
2023-04-25 03:00:00,101.0639089232806
2023-04-25 04:00:00,99.42301313278766
2023-04-25 05:00:00,106.86487873067783
2023-04-25 06:00:00,119.04595842946497
2023-04-25 07:00:00,137.03632177622174
2023-04-25 08:00:00,138.99492663561446
2023-04-25 09:00:00,145.01229712568326
2023-04-25 10:00:00,150.35530755726185
2023-04-25 11:00:00,151.4234726647667
2023-04-25 12:00:00,150.16859687466538
2023-04-25 13:00:00,152.8496518769292
2023-04-25 14:00:00,152.94391348404915
2023-04-25 15:00:00,151.31430273389773
2023-04-25 16:00:00,150.94921689652494
2023-04-25 17:00:00,145.84436074424545
2023-04-25 18:00:00,141.53217574011188
2023-04-25 19:00:00,131.15122903038667
2023-04-25 20:00:00,113.60403995807212
2023-04-25 21:00:00,116.71874740506514
2023-04-25 22:00:00,115.05549093195073
2023-04-25 23:00:00,113.8431321053972
2023-04-26 00:00:00,110.15675638137625
2023-04-26 01:00:00,107.7559624594462
2023-04-26 02:00:00,104.21387934840097
2023-04-26 03:00:00,101.9065105200355
2023-04-26 04:00:00,97.16421349134008
2023-04-26 05:00:00,105.91911539722592
2023-04-26 06:00:00,119.25122782240824
2023-04-26 07:00:00,137.00649201044945
2023-04-26 08:00:00,139.55819217579764
2023-04-26 09:00:00,145.79700735368067
2023-04-26 10:00:00,146.01094387883256
2023-04-26 11:00:00,148.12801656735704
2023-04-26 12:00:00,151.07304859106105
2023-04-26 13:00:00,154.82229588968804
2023-04-26 14:00:00,158.16520798477424
2023-04-26 15:00:00,156.82715174469774
2023-04-26 16:00:00,155.20346323423445
2023-04-26 17:00:00,147.4693725386499
2023-04-26 18:00:00,142.74071909840595
2023-04-26 19:00:00,136.5194268300294
2023-04-26 20:00:00,115.54681813285721
2023-04-26 21:00:00,114.6279202403941
2023-04-26 22:00:00,115.42902049299923
2023-04-26 23:00:00,114.86621690361879
2023-04-27 00:00:00,109.60960318059115
2023-04-27 01:00:00,105.04135450294552
2023-04-27 02:00:00,104.21883151575388
2023-04-27 03:00:00,98.45722619996778
2023-04-27 04:00:00,94.59489268830548
2023-04-27 05:00:00,100.89535860363979
2023-04-27 06:00:00,115.6355128427674
2023-04-27 07:00:00,137.5126949878706
2023-04-27 08:00:00,144.37903587483393
2023-04-27 09:00:00,148.0378731852204
2023-04-27 10:00:00,147.41053011584788
2023-04-27 11:00:00,150.39521547145918
2023-04-27 12:00:00,152.5831361098045
2023-04-27 13:00:00,153.44657452620277
2023-04-27 14:00:00,157.7346956964083
2023-04-27 15:00:00,160.71901004547817
2023-04-27 16:00:00,166.11658656971645
2023-04-27 17:00:00,157.60965545271458
2023-04-27 18:00:00,149.89212259539786
2023-04-27 19:00:00,146.94941703917618
2023-04-27 20:00:00,129.3592160415396
2023-04-27 21:00:00,112.44747094704682
2023-04-27 22:00:00,108.5923321250606
2023-04-27 23:00:00,105.5542451283239
2023-04-28 00:00:00,99.49595682311808
2023-04-28 01:00:00,99.02998230363856
2023-04-28 02:00:00,98.93146987610251
2023-04-28 03:00:00,99.31475107471692
2023-04-28 04:00:00,95.1388157369057
2023-04-28 05:00:00,97.62052596258852
2023-04-28 06:00:00,109.42078235987007
2023-04-28 07:00:00,137.12883415984416
2023-04-28 08:00:00,138.02402585457256
2023-04-28 09:00:00,141.09802817305274
2023-04-28 10:00:00,140.60066698541794
2023-04-28 11:00:00,142.62147546875502
2023-04-28 12:00:00,145.45247791767747
2023-04-28 13:00:00,149.50361244848972
2023-04-28 14:00:00,151.08371236914442
2023-04-28 15:00:00,150.038196092673
2023-04-28 16:00:00,156.84422242623455
2023-04-28 17:00:00,151.26314356162544
2023-04-28 18:00:00,147.68003802884775
2023-04-28 19:00:00,148.73987358964575
2023-04-28 20:00:00,134.76356989114424
2023-04-28 21:00:00,113.96457257419564
2023-04-28 22:00:00,109.22376949209033
2023-04-28 23:00:00,110.51016873113241
2023-04-29 00:00:00,99.47251171062535
2023-04-29 01:00:00,95.5932011335314
2023-04-29 02:00:00,90.5579834566673
2023-04-29 03:00:00,89.5281561675928
2023-04-29 04:00:00,90.77704212896016
2023-04-29 05:00:00,93.13349183295223
2023-04-29 06:00:00,94.3352301776365
2023-04-29 07:00:00,103.97446779702835
2023-04-29 08:00:00,112.86289719296867
2023-04-29 09:00:00,120.52682603571662
2023-04-29 10:00:00,119.1980462682987
2023-04-29 11:00:00,121.8072998820135
2023-04-29 12:00:00,129.60550820906965
2023-04-29 13:00:00,135.37340115573465
2023-04-29 14:00:00,137.98674028416627
2023-04-29 15:00:00,143.08283254824974
2023-04-29 16:00:00,152.9428123836041
2023-04-29 17:00:00,147.52350795669597
2023-04-29 18:00:00,143.52060057435472
2023-04-29 19:00:00,143.3470394454335
2023-04-29 20:00:00,136.9830993946503
2023-04-29 21:00:00,119.95181326979761
2023-04-29 22:00:00,110.01143481506298
2023-04-29 23:00:00,110.17648277459602
2023-04-30 00:00:00,99.50872110395835
2023-04-30 01:00:00,94.48303111878717
2023-04-30 02:00:00,91.09957498122584
2023-04-30 03:00:00,88.87741728357359
2023-04-30 04:00:00,83.01723861945587
2023-04-30 05:00:00,88.01483457820781
2023-04-30 06:00:00,93.86797633043861
2023-04-30 07:00:00,96.98951503996277
2023-04-30 08:00:00,100.14920288175423
2023-04-30 09:00:00,107.05597459805192
2023-04-30 10:00:00,110.72418449998939
2023-04-30 11:00:00,114.51501343752953
2023-04-30 12:00:00,118.73819324571319
2023-04-30 13:00:00,129.845476900297
2023-04-30 14:00:00,136.24034224314022
2023-04-30 15:00:00,141.42915472906216
2023-04-30 16:00:00,147.44631499300675
2023-04-30 17:00:00,147.81992009767268
2023-04-30 18:00:00,146.2202933744231
2023-04-30 19:00:00,149.60083362883987
2023-04-30 20:00:00,142.12686872338114
2023-04-30 21:00:00,120.77592598017466
2023-04-30 22:00:00,106.38568693339245
2023-04-30 23:00:00,101.28001884417036
2023-05-01 00:00:00,99.83371586903299
2023-05-01 01:00:00,97.90340592110627
2023-05-01 02:00:00,98.48978018200714
2023-05-01 03:00:00,95.92008211561316
2023-05-01 04:00:00,92.13858405964976
2023-05-01 05:00:00,98.19516365767525
2023-05-01 06:00:00,112.15539940156417
2023-05-01 07:00:00,135.96098180191876
2023-05-01 08:00:00,141.29619253059744
2023-05-01 09:00:00,145.763821485657
2023-05-01 10:00:00,150.9036391667881
2023-05-01 11:00:00,156.8466983411627
2023-05-01 12:00:00,158.69403721922777
2023-05-01 13:00:00,161.3118634716911
2023-05-01 14:00:00,164.57596083356867
2023-05-01 15:00:00,167.02522170441355
2023-05-01 16:00:00,166.01571963987865
2023-05-01 17:00:00,165.0751790845376
2023-05-01 18:00:00,162.22581687919882
2023-05-01 19:00:00,160.12847487545352
2023-05-01 20:00:00,145.64697626060337
2023-05-01 21:00:00,146.13416996220957
2023-05-01 22:00:00,147.80655233247836
2023-05-01 23:00:00,150.29842212101875
2023-05-02 00:00:00,133.34032048960293
2023-05-02 01:00:00,116.63048062727928
2023-05-02 02:00:00,106.04622339468115
2023-05-02 03:00:00,98.96039199484812
2023-05-02 04:00:00,96.00804428051673
2023-05-02 05:00:00,97.11615684947597
2023-05-02 06:00:00,109.60999549033845
2023-05-02 07:00:00,138.21481012217288
2023-05-02 08:00:00,146.96326054362552
2023-05-02 09:00:00,155.10608043477862
2023-05-02 10:00:00,162.41076216391446
2023-05-02 11:00:00,165.96525735568636
2023-05-02 12:00:00,167.2891100563882
2023-05-02 13:00:00,168.58906465394733
2023-05-02 14:00:00,169.9171394512326
2023-05-02 15:00:00,170.09467145408854
2023-05-02 16:00:00,170.72772062878911
2023-05-02 17:00:00,169.43866556962223
2023-05-02 18:00:00,172.16137962442286
2023-05-02 19:00:00,165.678170710144
2023-05-02 20:00:00,155.2482033966666
2023-05-02 21:00:00,146.29215621118325
2023-05-02 22:00:00,154.16374813258017
2023-05-02 23:00:00,153.2350481079521
2023-05-03 00:00:00,131.66849466867126
2023-05-03 01:00:00,113.47478733772908
2023-05-03 02:00:00,102.36082016638494
2023-05-03 03:00:00,97.69546369380289
2023-05-03 04:00:00,94.93393586484125
2023-05-03 05:00:00,100.7103563870324
2023-05-03 06:00:00,110.10846794504941
2023-05-03 07:00:00,138.38905283549008
2023-05-03 08:00:00,149.85202088043314
2023-05-03 09:00:00,159.79858721916162
2023-05-03 10:00:00,166.1399366553632
2023-05-03 11:00:00,172.88993578311815
2023-05-03 12:00:00,173.7173531485972
2023-05-03 13:00:00,184.59435811440727
2023-05-03 14:00:00,187.66741277154483
2023-05-03 15:00:00,185.12755005081527
2023-05-03 16:00:00,187.25684429816084
2023-05-03 17:00:00,182.22192198528813
2023-05-03 18:00:00,179.36608076926638
2023-05-03 19:00:00,180.69481859543916
2023-05-03 20:00:00,171.52444764339657
2023-05-03 21:00:00,156.72042088575012
2023-05-03 22:00:00,156.37022369850547
2023-05-03 23:00:00,154.08684668086374
2023-05-04 00:00:00,138.23837798827327
2023-05-04 01:00:00,114.45794394131218
2023-05-04 02:00:00,102.42258429856014
2023-05-04 03:00:00,98.54526574021972
2023-05-04 04:00:00,95.55909407822996
2023-05-04 05:00:00,97.99832313574197
2023-05-04 06:00:00,110.39880191787152
2023-05-04 07:00:00,139.7250172296423
2023-05-04 08:00:00,150.05343788303927
2023-05-04 09:00:00,153.6079459653393
2023-05-04 10:00:00,162.51594142437602
2023-05-04 11:00:00,169.20741602198981
2023-05-04 12:00:00,168.04694303642088
2023-05-04 13:00:00,173.18496622642144
2023-05-04 14:00:00,170.66310890758743
2023-05-04 15:00:00,169.64343942539315
2023-05-04 16:00:00,169.94672013640036
2023-05-04 17:00:00,170.17710737073054
2023-05-04 18:00:00,170.3849236182238
2023-05-04 19:00:00,173.75613046342363
2023-05-04 20:00:00,179.6223765331037
2023-05-04 21:00:00,169.9697507148762
2023-05-04 22:00:00,163.53465301852117
2023-05-04 23:00:00,163.94134889234687
2023-05-05 00:00:00,147.66510107651936
2023-05-05 01:00:00,115.61707711393801
2023-05-05 02:00:00,102.40383016580513
2023-05-05 03:00:00,99.60327364038184
2023-05-05 04:00:00,97.29247027070919
2023-05-05 05:00:00,100.31288291221014
2023-05-05 06:00:00,107.54695439653108
2023-05-05 07:00:00,133.7311095549942
2023-05-05 08:00:00,138.1792353627953
2023-05-05 09:00:00,142.85701373845413
2023-05-05 10:00:00,151.33785292150054
2023-05-05 11:00:00,158.57406487396022
2023-05-05 12:00:00,163.79080483062853
2023-05-05 13:00:00,170.00337204522728
2023-05-05 14:00:00,170.6265301114928
2023-05-05 15:00:00,171.0892262916589
2023-05-05 16:00:00,172.47786438867467
2023-05-05 17:00:00,171.23540040856733
2023-05-05 18:00:00,171.22324434766838
2023-05-05 19:00:00,175.11168429667362
2023-05-05 20:00:00,178.60959086378426
2023-05-05 21:00:00,178.62200135772966
2023-05-05 22:00:00,176.28085861927323
2023-05-05 23:00:00,177.86962800167203
2023-05-06 00:00:00,161.32738717846664
2023-05-06 01:00:00,132.1473945617016
2023-05-06 02:00:00,113.49317745041073
2023-05-06 03:00:00,100.1168208340063
2023-05-06 04:00:00,91.92861668432188
2023-05-06 05:00:00,88.446121383236
2023-05-06 06:00:00,88.77614007478392
2023-05-06 07:00:00,101.9425111681371
2023-05-06 08:00:00,113.05062555634873
2023-05-06 09:00:00,120.09753322395204
2023-05-06 10:00:00,121.31582685077366
2023-05-06 11:00:00,123.25114249380316
2023-05-06 12:00:00,131.56790346779445
2023-05-06 13:00:00,138.19227384618162
2023-05-06 14:00:00,144.358844763699
2023-05-06 15:00:00,153.6241112530864
2023-05-06 16:00:00,165.2660969261543
2023-05-06 17:00:00,170.39412387009494
2023-05-06 18:00:00,166.91538440202237
2023-05-06 19:00:00,170.37045623045225
2023-05-06 20:00:00,169.5995086034573
2023-05-06 21:00:00,171.6891562923877
2023-05-06 22:00:00,170.6299056561614
2023-05-06 23:00:00,169.70745960047566
2023-05-07 00:00:00,158.92468749525275
2023-05-07 01:00:00,128.0856297701212
2023-05-07 02:00:00,104.61876352383612
2023-05-07 03:00:00,86.81342036614926
2023-05-07 04:00:00,74.87213143637445
2023-05-07 05:00:00,73.21007248113857
2023-05-07 06:00:00,75.02849733562086
2023-05-07 07:00:00,82.81158341915274
2023-05-07 08:00:00,92.75529104941738
2023-05-07 09:00:00,103.56081300065189
2023-05-07 10:00:00,110.65558494767645
2023-05-07 11:00:00,114.77571258047688
2023-05-07 12:00:00,122.13046883875379
2023-05-07 13:00:00,128.12536340389343
2023-05-07 14:00:00,134.0766664744847
2023-05-07 15:00:00,139.11488030518674
2023-05-07 16:00:00,151.19562903233788
2023-05-07 17:00:00,157.82608209363397
2023-05-07 18:00:00,160.49636333815954
2023-05-07 19:00:00,163.13837296789282
2023-05-07 20:00:00,165.31744994269263
2023-05-07 21:00:00,171.20917334056693
2023-05-07 22:00:00,168.8778868941185
2023-05-07 23:00:00,169.12769686681781
2023-05-08 00:00:00,158.88474224664958
2023-05-08 01:00:00,134.8600929642214
2023-05-08 02:00:00,121.96392208930207
2023-05-08 03:00:00,112.87360020074365
2023-05-08 04:00:00,104.7318291066229
2023-05-08 05:00:00,108.62148608833691
2023-05-08 06:00:00,116.52332126046623
2023-05-08 07:00:00,133.917517810122
2023-05-08 08:00:00,140.26628084652214
2023-05-08 09:00:00,147.3017364228503
2023-05-08 10:00:00,153.8482324490351
2023-05-08 11:00:00,164.75628739453884
2023-05-08 12:00:00,161.770871523864
2023-05-08 13:00:00,163.17020902929974
2023-05-08 14:00:00,164.0826255965247
2023-05-08 15:00:00,164.14101213363855
2023-05-08 16:00:00,166.4720517329311
2023-05-08 17:00:00,168.87850731544663
2023-05-08 18:00:00,165.19088659680946
2023-05-08 19:00:00,170.56501459245598
2023-05-08 20:00:00,170.60602772000797
2023-05-08 21:00:00,174.42870639472514
2023-05-08 22:00:00,179.36714228937424
2023-05-08 23:00:00,179.7649775992801
2023-05-09 00:00:00,164.04911114454276
2023-05-09 01:00:00,139.9109440440485
2023-05-09 02:00:00,127.22410789291824
2023-05-09 03:00:00,115.06807180085548
2023-05-09 04:00:00,106.43382948313263
2023-05-09 05:00:00,104.13074317143429
2023-05-09 06:00:00,114.88543031114608
2023-05-09 07:00:00,136.93829660067124
2023-05-09 08:00:00,140.56277521495724
2023-05-09 09:00:00,147.9323327533359
2023-05-09 10:00:00,152.88892045610694
2023-05-09 11:00:00,165.52171832585177
2023-05-09 12:00:00,170.52467742689518
2023-05-09 13:00:00,172.02722788387723
2023-05-09 14:00:00,174.6358661155948
2023-05-09 15:00:00,185.8656807310995
2023-05-09 16:00:00,188.6481367337873
2023-05-09 17:00:00,188.5556505566797
2023-05-09 18:00:00,185.64118849783804
2023-05-09 19:00:00,181.99507252474544
2023-05-09 20:00:00,181.28477443292581
2023-05-09 21:00:00,177.46212530512108
2023-05-09 22:00:00,178.2132751624405
2023-05-09 23:00:00,175.47027538485992
2023-05-10 00:00:00,165.74671586737296
2023-05-10 01:00:00,140.29844915569208
2023-05-10 02:00:00,125.1370907908132
2023-05-10 03:00:00,114.04384205579923
2023-05-10 04:00:00,103.5444442423952
2023-05-10 05:00:00,102.06164937299474
2023-05-10 06:00:00,118.38655705349132
2023-05-10 07:00:00,137.54837125882491
2023-05-10 08:00:00,147.63509686727772
2023-05-10 09:00:00,159.58354093645258
2023-05-10 10:00:00,170.20042527863913
2023-05-10 11:00:00,178.25553720306237
2023-05-10 12:00:00,184.64049302251456
2023-05-10 13:00:00,187.52242914627664
2023-05-10 14:00:00,188.1304883166225
2023-05-10 15:00:00,183.90775863462423
2023-05-10 16:00:00,183.64530984791784
2023-05-10 17:00:00,181.6683587417593
2023-05-10 18:00:00,178.131405767861
2023-05-10 19:00:00,176.32337002245524
2023-05-10 20:00:00,177.0031517238483
2023-05-10 21:00:00,177.6428410297398
2023-05-10 22:00:00,178.0487943622154
2023-05-10 23:00:00,176.2433990217627
2023-05-11 00:00:00,167.36466912363798
2023-05-11 01:00:00,139.09662669643032
2023-05-11 02:00:00,125.22543984217553
2023-05-11 03:00:00,111.51824010644418
2023-05-11 04:00:00,102.54234269162654
2023-05-11 05:00:00,101.51899126898671
2023-05-11 06:00:00,113.93671081295393
2023-05-11 07:00:00,137.59609623091993
2023-05-11 08:00:00,150.52192481065097
2023-05-11 09:00:00,153.61887866932105
2023-05-11 10:00:00,161.47736033891437
2023-05-11 11:00:00,170.35459692157366
2023-05-11 12:00:00,169.15135369232212
2023-05-11 13:00:00,169.80195494726416
2023-05-11 14:00:00,167.32466942480264
2023-05-11 15:00:00,167.3187886198908
2023-05-11 16:00:00,167.23150353959352
2023-05-11 17:00:00,165.05004357510074
2023-05-11 18:00:00,161.39020845194116
2023-05-11 19:00:00,162.2756801812428
2023-05-11 20:00:00,163.0727913471903
2023-05-11 21:00:00,164.93968432275244
2023-05-11 22:00:00,163.00749612673
2023-05-11 23:00:00,163.41788139407072
2023-05-12 00:00:00,152.76746973636648
2023-05-12 01:00:00,123.65744131004955
2023-05-12 02:00:00,115.38656708984463
2023-05-12 03:00:00,101.78013106984476
2023-05-12 04:00:00,95.40415235799348
2023-05-12 05:00:00,97.94783206525507
2023-05-12 06:00:00,111.94387364781285
2023-05-12 07:00:00,135.60815707276936
2023-05-12 08:00:00,140.4976714912701
2023-05-12 09:00:00,144.02806579650712
2023-05-12 10:00:00,147.5310292392661
2023-05-12 11:00:00,153.59676037703184
2023-05-12 12:00:00,158.26858229160453
2023-05-12 13:00:00,161.1447452619808
2023-05-12 14:00:00,166.94255758250452
2023-05-12 15:00:00,166.24612942772012
2023-05-12 16:00:00,167.1756532561967
2023-05-12 17:00:00,164.10125410706826
2023-05-12 18:00:00,160.13314205689522
2023-05-12 19:00:00,154.23855611523874
2023-05-12 20:00:00,151.45866510792035
2023-05-12 21:00:00,156.43776571069583
2023-05-12 22:00:00,157.62772804299004
2023-05-12 23:00:00,159.14628117162
2023-05-13 00:00:00,143.04816320376554
2023-05-13 01:00:00,115.04702243334006
2023-05-13 02:00:00,102.53460003829018
2023-05-13 03:00:00,94.24280156898935
2023-05-13 04:00:00,90.70977361679579
2023-05-13 05:00:00,92.18709196061734
2023-05-13 06:00:00,93.88054234370317
2023-05-13 07:00:00,103.78518482199995
2023-05-13 08:00:00,115.0810136842643
2023-05-13 09:00:00,119.9831795172915
2023-05-13 10:00:00,121.20216674008543
2023-05-13 11:00:00,121.61741700382078
2023-05-13 12:00:00,124.48370305176239
2023-05-13 13:00:00,134.11424058535556
2023-05-13 14:00:00,140.92149198777733
2023-05-13 15:00:00,146.28970683248082
2023-05-13 16:00:00,149.9697711387076
2023-05-13 17:00:00,149.83717719978242
2023-05-13 18:00:00,137.65455131035736
2023-05-13 19:00:00,131.67804648932378
2023-05-13 20:00:00,127.22936532257177
2023-05-13 21:00:00,134.10088109829925
2023-05-13 22:00:00,132.2682765275115
2023-05-13 23:00:00,130.07148552988977
2023-05-14 00:00:00,119.41298441206274
2023-05-14 01:00:00,100.90435744459994
2023-05-14 02:00:00,93.80859775177058
2023-05-14 03:00:00,88.14576663110405
2023-05-14 04:00:00,81.55551414729052
2023-05-14 05:00:00,81.54633036479727
2023-05-14 06:00:00,82.98330600686516
2023-05-14 07:00:00,89.35568300428109
2023-05-14 08:00:00,98.63018676117437
2023-05-14 09:00:00,109.33313780187213
2023-05-14 10:00:00,116.61267800276497
2023-05-14 11:00:00,117.15428133477731
2023-05-14 12:00:00,118.56429011278688
2023-05-14 13:00:00,126.87364200930072
2023-05-14 14:00:00,131.40148832477496
2023-05-14 15:00:00,129.1731047327202
2023-05-14 16:00:00,136.56068454371425
2023-05-14 17:00:00,137.65040712453765
2023-05-14 18:00:00,133.62751665900558
2023-05-14 19:00:00,129.78307690243426
2023-05-14 20:00:00,126.11966424208333
2023-05-14 21:00:00,134.7235427202983
2023-05-14 22:00:00,132.04485776464156
2023-05-14 23:00:00,129.6321050919142
2023-05-15 00:00:00,115.56687692708154
2023-05-15 01:00:00,102.47633917102505
2023-05-15 02:00:00,98.03465111934474
2023-05-15 03:00:00,95.8338463375245
2023-05-15 04:00:00,90.96643691974458
2023-05-15 05:00:00,97.82079865954887
2023-05-15 06:00:00,112.10813361198439
2023-05-15 07:00:00,131.32548521663023
2023-05-15 08:00:00,136.04748480225797
2023-05-15 09:00:00,140.76872096090113
2023-05-15 10:00:00,146.49243321205006
2023-05-15 11:00:00,153.4628098231832
2023-05-15 12:00:00,157.17090407539223
2023-05-15 13:00:00,158.18152488733426
2023-05-15 14:00:00,161.9121843484527
2023-05-15 15:00:00,169.97552590042858
2023-05-15 16:00:00,166.0858662512579
2023-05-15 17:00:00,168.46061902253012
2023-05-15 18:00:00,161.7918555855298
2023-05-15 19:00:00,156.7740727068982
2023-05-15 20:00:00,140.8373327157028
2023-05-15 21:00:00,134.81839603976968
2023-05-15 22:00:00,130.03319537657399
2023-05-15 23:00:00,128.04987647172575
2023-05-16 00:00:00,117.05001177366098
2023-05-16 01:00:00,103.76350746737404
2023-05-16 02:00:00,99.39120326480932
2023-05-16 03:00:00,96.6610888336832
2023-05-16 04:00:00,94.84696423567088
2023-05-16 05:00:00,102.67072525661524
2023-05-16 06:00:00,114.13569048355386
2023-05-16 07:00:00,138.24753747900897
2023-05-16 08:00:00,144.32848413492198
2023-05-16 09:00:00,148.6497653019812
2023-05-16 10:00:00,155.19203122858804
2023-05-16 11:00:00,160.91552355000675
2023-05-16 12:00:00,163.41392918274656
2023-05-16 13:00:00,162.7145808768684
2023-05-16 14:00:00,166.43585727008374
2023-05-16 15:00:00,165.819965690051
2023-05-16 16:00:00,165.492482172441
2023-05-16 17:00:00,162.41305694711505
2023-05-16 18:00:00,160.5105737970051
2023-05-16 19:00:00,152.18181484961337
2023-05-16 20:00:00,138.07533673870552
2023-05-16 21:00:00,128.8557747126831
2023-05-16 22:00:00,127.59705740588684
2023-05-16 23:00:00,126.48904666444582
2023-05-17 00:00:00,119.7972224892337
2023-05-17 01:00:00,108.08083552596315
2023-05-17 02:00:00,103.53660176538627
2023-05-17 03:00:00,102.2189823489446
2023-05-17 04:00:00,101.76368297097115
2023-05-17 05:00:00,105.37039088532619
2023-05-17 06:00:00,117.99014639223454
2023-05-17 07:00:00,135.53866903056473
2023-05-17 08:00:00,143.63265885803503
2023-05-17 09:00:00,152.1131827331155
2023-05-17 10:00:00,152.71056057293086
2023-05-17 11:00:00,162.82866621129622
2023-05-17 12:00:00,170.46499032238395
2023-05-17 13:00:00,172.24442163365745
2023-05-17 14:00:00,172.05597222207797
2023-05-17 15:00:00,170.22183620251008
2023-05-17 16:00:00,167.54195652721916
2023-05-17 17:00:00,164.74336819755393
2023-05-17 18:00:00,159.37977156421798
2023-05-17 19:00:00,153.05929668456898
2023-05-17 20:00:00,141.96034374998274
2023-05-17 21:00:00,133.1186507542715
2023-05-17 22:00:00,124.04386154813818
2023-05-17 23:00:00,120.50505267762784
2023-05-18 00:00:00,108.77477596264622
2023-05-18 01:00:00,95.77126824039789
2023-05-18 02:00:00,93.40299533359868
2023-05-18 03:00:00,93.06519504057725
2023-05-18 04:00:00,93.14429012214063
2023-05-18 05:00:00,101.41904229412016
2023-05-18 06:00:00,115.55080574200274
2023-05-18 07:00:00,136.77843229281336
2023-05-18 08:00:00,139.0077683426416
2023-05-18 09:00:00,146.99368440571337
2023-05-18 10:00:00,153.27888015369192
2023-05-18 11:00:00,160.00854898561545
2023-05-18 12:00:00,165.01888622426966
2023-05-18 13:00:00,167.99889016984037
2023-05-18 14:00:00,167.30584914027108
2023-05-18 15:00:00,165.81840637733222
2023-05-18 16:00:00,166.26180465762152
2023-05-18 17:00:00,163.7995311618684
2023-05-18 18:00:00,159.5013664111122
2023-05-18 19:00:00,153.83455885086624
2023-05-18 20:00:00,143.72098051269316
2023-05-18 21:00:00,142.70171807793218
2023-05-18 22:00:00,137.35531182698992
2023-05-18 23:00:00,126.33734146187759
2023-05-19 00:00:00,111.79330881070322
2023-05-19 01:00:00,100.12437071425866
2023-05-19 02:00:00,97.87247346959715
2023-05-19 03:00:00,97.16963578780177
2023-05-19 04:00:00,96.3778290559499
2023-05-19 05:00:00,100.86706376234447
2023-05-19 06:00:00,113.8648263240504
2023-05-19 07:00:00,135.378940673025
2023-05-19 08:00:00,136.14709923753676
2023-05-19 09:00:00,135.42866140681977
2023-05-19 10:00:00,134.78774235426985
2023-05-19 11:00:00,134.37369806600228
2023-05-19 12:00:00,139.29067872937298
2023-05-19 13:00:00,148.20917653960996
2023-05-19 14:00:00,154.42998700526405
2023-05-19 15:00:00,159.58701301466502
2023-05-19 16:00:00,159.5448256054751
2023-05-19 17:00:00,156.32047363731596
2023-05-19 18:00:00,150.5607641908406
2023-05-19 19:00:00,145.7680946179861
2023-05-19 20:00:00,140.9366241782678
2023-05-19 21:00:00,140.0270696019557
2023-05-19 22:00:00,139.86530719699113
2023-05-19 23:00:00,134.1769112270945
2023-05-20 00:00:00,114.70480829468558
2023-05-20 01:00:00,96.22194525464457
2023-05-20 02:00:00,90.9565193241063
2023-05-20 03:00:00,85.84100979301374
2023-05-20 04:00:00,83.74299621887607
2023-05-20 05:00:00,87.01983428505586
2023-05-20 06:00:00,91.62874541753267
2023-05-20 07:00:00,104.7817186631642
2023-05-20 08:00:00,111.95708507471917
2023-05-20 09:00:00,118.34766686777334
2023-05-20 10:00:00,119.61745246838562
2023-05-20 11:00:00,115.67339679814982
2023-05-20 12:00:00,119.43419899847264
2023-05-20 13:00:00,122.50244606099582
2023-05-20 14:00:00,127.83339529798828
2023-05-20 15:00:00,133.35130556580756
2023-05-20 16:00:00,138.27461476112717
2023-05-20 17:00:00,139.0468034646857
2023-05-20 18:00:00,132.91485858801093
2023-05-20 19:00:00,125.8540510736162
2023-05-20 20:00:00,129.0831016162974
2023-05-20 21:00:00,130.76907980691672
2023-05-20 22:00:00,129.62764580480098
2023-05-20 23:00:00,129.88771409766264
2023-05-21 00:00:00,112.4713011171783
2023-05-21 01:00:00,95.85491969285606
2023-05-21 02:00:00,89.34526183560193
2023-05-21 03:00:00,85.55887576089701
2023-05-21 04:00:00,80.01758774425433
2023-05-21 05:00:00,83.9924383520101
2023-05-21 06:00:00,87.28843410420926
2023-05-21 07:00:00,93.36798942802102
2023-05-21 08:00:00,97.04525100946182
2023-05-21 09:00:00,105.71087832974847
2023-05-21 10:00:00,114.94729129843624
2023-05-21 11:00:00,112.69309931016427
2023-05-21 12:00:00,122.81287626422603
2023-05-21 13:00:00,126.05897071228986
2023-05-21 14:00:00,128.3799417527903
2023-05-21 15:00:00,135.1397549380852
2023-05-21 16:00:00,140.30627042162024
2023-05-21 17:00:00,139.1328938452602
2023-05-21 18:00:00,129.34192716792427
2023-05-21 19:00:00,123.11432946979603
2023-05-21 20:00:00,127.80879441812431
2023-05-21 21:00:00,131.52206830726098
2023-05-21 22:00:00,128.0310364412511
2023-05-21 23:00:00,128.43378176000053
2023-05-22 00:00:00,115.80224571364849
2023-05-22 01:00:00,101.63106114023935
2023-05-22 02:00:00,98.82911576706151
2023-05-22 03:00:00,97.74406097900479
2023-05-22 04:00:00,95.09772931862496
2023-05-22 05:00:00,99.17516914922555
2023-05-22 06:00:00,110.83920670080089
2023-05-22 07:00:00,135.72941064196445
2023-05-22 08:00:00,139.10009336881788
2023-05-22 09:00:00,145.64862593249495
2023-05-22 10:00:00,151.77873573677095
2023-05-22 11:00:00,156.41317388938737
2023-05-22 12:00:00,155.4102042053624
2023-05-22 13:00:00,157.06332106664027
2023-05-22 14:00:00,155.8338416830202
2023-05-22 15:00:00,158.27241410958197
2023-05-22 16:00:00,158.90132387266974
2023-05-22 17:00:00,152.9950273522217
2023-05-22 18:00:00,146.40647777369077
2023-05-22 19:00:00,140.15886815287467
2023-05-22 20:00:00,130.15107338732125
2023-05-22 21:00:00,128.31238438596492
2023-05-22 22:00:00,127.28150672921875
2023-05-22 23:00:00,126.97763661986728
2023-05-23 00:00:00,114.26624892078658
2023-05-23 01:00:00,101.64863742996012
2023-05-23 02:00:00,96.56049188802142
2023-05-23 03:00:00,93.9351285735416
2023-05-23 04:00:00,90.00712996802146
2023-05-23 05:00:00,96.68475891121993
2023-05-23 06:00:00,111.15532996124085
2023-05-23 07:00:00,136.9524798345514
2023-05-23 08:00:00,141.2692536810434
2023-05-23 09:00:00,150.03305596926725
2023-05-23 10:00:00,158.86167850370646
2023-05-23 11:00:00,164.08144264083538
2023-05-23 12:00:00,165.61343302960506
2023-05-23 13:00:00,169.72336688658032
2023-05-23 14:00:00,167.86434271999744
2023-05-23 15:00:00,168.34291812120108
2023-05-23 16:00:00,167.67289940816175
2023-05-23 17:00:00,159.14917112753696
2023-05-23 18:00:00,148.12570438113005
2023-05-23 19:00:00,147.36111437758245
2023-05-23 20:00:00,137.7840280021525
2023-05-23 21:00:00,130.74887553935997
2023-05-23 22:00:00,123.93778996498764
2023-05-23 23:00:00,121.30976180419174
2023-05-24 00:00:00,114.09313471265972
2023-05-24 01:00:00,102.08948875646341
2023-05-24 02:00:00,97.17716205532327
2023-05-24 03:00:00,95.51610682617871
2023-05-24 04:00:00,91.84864133746643
2023-05-24 05:00:00,98.93337990118253
2023-05-24 06:00:00,109.59587433486752
2023-05-24 07:00:00,141.77863689320023
2023-05-24 08:00:00,148.60199989598058
2023-05-24 09:00:00,160.36443658969782
2023-05-24 10:00:00,167.80705679296756
2023-05-24 11:00:00,176.8925269766118
2023-05-24 12:00:00,186.25630436726712
2023-05-24 13:00:00,189.80081601034553
2023-05-24 14:00:00,190.99962602329938
2023-05-24 15:00:00,191.15573649356816
2023-05-24 16:00:00,188.8484195822859
2023-05-24 17:00:00,179.63845446578634
2023-05-24 18:00:00,170.5322375330847
2023-05-24 19:00:00,156.6165892644267
2023-05-24 20:00:00,142.19316813481552
2023-05-24 21:00:00,143.3380437858839
2023-05-24 22:00:00,135.76231302803615
2023-05-24 23:00:00,120.04376172765838
2023-05-25 00:00:00,108.77070214497162
2023-05-25 01:00:00,98.16526759220352
2023-05-25 02:00:00,96.70402874836671
2023-05-25 03:00:00,92.79002794675121
2023-05-25 04:00:00,89.57985883827281
2023-05-25 05:00:00,97.71465611682349
2023-05-25 06:00:00,108.86254076700106
2023-05-25 07:00:00,136.684143573406
2023-05-25 08:00:00,140.85583334694908
2023-05-25 09:00:00,148.5371416649817
2023-05-25 10:00:00,154.44391330405003
2023-05-25 11:00:00,161.31606725826876
2023-05-25 12:00:00,165.75056189227809
2023-05-25 13:00:00,165.68336033440568
2023-05-25 14:00:00,164.39701050984766
2023-05-25 15:00:00,167.42949110152506
2023-05-25 16:00:00,166.4559730735858
2023-05-25 17:00:00,163.19588249996505
2023-05-25 18:00:00,161.6663772873896
2023-05-25 19:00:00,159.26811602582353
2023-05-25 20:00:00,141.96913949999998
2023-05-25 21:00:00,140.52939641912155
2023-05-25 22:00:00,136.51780023410737
2023-05-25 23:00:00,123.61508838551413
2023-05-26 00:00:00,113.07785390641746
2023-05-26 01:00:00,102.34720480947021
2023-05-26 02:00:00,99.99939723395751
2023-05-26 03:00:00,96.55706474971386
2023-05-26 04:00:00,89.7293902585753
2023-05-26 05:00:00,98.10727966474046
2023-05-26 06:00:00,107.4248947732453
2023-05-26 07:00:00,133.7881513747805
2023-05-26 08:00:00,136.47662508942707
2023-05-26 09:00:00,136.95650725718463
2023-05-26 10:00:00,138.55767035238637
2023-05-26 11:00:00,146.34413723926608
2023-05-26 12:00:00,156.22661164864738
2023-05-26 13:00:00,163.8026384102883
2023-05-26 14:00:00,168.45421246087744
2023-05-26 15:00:00,167.82710547153778
2023-05-26 16:00:00,167.79785659704052
2023-05-26 17:00:00,164.12017007458243
2023-05-26 18:00:00,162.14694192859878
2023-05-26 19:00:00,157.21575966736282
2023-05-26 20:00:00,144.1885157101468
2023-05-26 21:00:00,146.60292627509452
2023-05-26 22:00:00,151.08252431018292
2023-05-26 23:00:00,146.48699016976133
2023-05-27 00:00:00,122.34707011972496
2023-05-27 01:00:00,101.81509913458727
2023-05-27 02:00:00,95.00073401187105
2023-05-27 03:00:00,90.52766085597848
2023-05-27 04:00:00,86.10204118424265
2023-05-27 05:00:00,84.86611300083082
2023-05-27 06:00:00,85.787393056198
2023-05-27 07:00:00,100.93305614652783
2023-05-27 08:00:00,113.81236168453154
2023-05-27 09:00:00,121.46546364520759
2023-05-27 10:00:00,122.88077170701659
2023-05-27 11:00:00,123.44035377498568
2023-05-27 12:00:00,127.00449922330235
2023-05-27 13:00:00,135.39372093044
2023-05-27 14:00:00,141.99448457563315
2023-05-27 15:00:00,147.20477643646203
2023-05-27 16:00:00,151.39858192722545
2023-05-27 17:00:00,151.41922614748063
2023-05-27 18:00:00,147.7657805965012
2023-05-27 19:00:00,144.9747393392179
2023-05-27 20:00:00,140.68943725793935
2023-05-27 21:00:00,140.09982094529602
2023-05-27 22:00:00,141.83589857534966
2023-05-27 23:00:00,139.64070313339252
2023-05-28 00:00:00,117.69055681372816
2023-05-28 01:00:00,95.54895453659138
2023-05-28 02:00:00,89.47037726728173
2023-05-28 03:00:00,83.68761090045136
2023-05-28 04:00:00,80.72760011707929
2023-05-28 05:00:00,83.6048080989755
2023-05-28 06:00:00,85.72159338404903
2023-05-28 07:00:00,90.07907848224373
2023-05-28 08:00:00,97.54147831783376
2023-05-28 09:00:00,109.1835962042649
2023-05-28 10:00:00,114.0893183340937
2023-05-28 11:00:00,115.41108467776891
2023-05-28 12:00:00,117.92744295382515
2023-05-28 13:00:00,126.28137069145157
2023-05-28 14:00:00,131.52619005174918
2023-05-28 15:00:00,133.55684357806823
2023-05-28 16:00:00,136.60617360986524
2023-05-28 17:00:00,134.57719697322258
2023-05-28 18:00:00,130.3722567106182
2023-05-28 19:00:00,129.232549206981
2023-05-28 20:00:00,131.60418022727814
2023-05-28 21:00:00,131.9648438722779
2023-05-28 22:00:00,130.4309155698818
2023-05-28 23:00:00,130.5753746376915
2023-05-29 00:00:00,114.82099365734516
2023-05-29 01:00:00,102.92561405549452
2023-05-29 02:00:00,100.90626709072431
2023-05-29 03:00:00,101.45670028111444
2023-05-29 04:00:00,102.07133547889383
2023-05-29 05:00:00,106.68118351624986
2023-05-29 06:00:00,115.61814943791197
2023-05-29 07:00:00,133.40034417642715
2023-05-29 08:00:00,139.97176607122591
2023-05-29 09:00:00,147.84946567132937
2023-05-29 10:00:00,154.00286135533491
2023-05-29 11:00:00,162.13018305855647
2023-05-29 12:00:00,161.0060524200049
2023-05-29 13:00:00,164.02415944604027
2023-05-29 14:00:00,164.1368334385486
2023-05-29 15:00:00,165.20788877188377
2023-05-29 16:00:00,165.21445693003648
2023-05-29 17:00:00,160.9619258205073
2023-05-29 18:00:00,158.27527637950988
2023-05-29 19:00:00,149.70424062844003
2023-05-29 20:00:00,145.96091419296195
2023-05-29 21:00:00,151.22069898619696
2023-05-29 22:00:00,154.99143516899355
2023-05-29 23:00:00,153.44644506878973
2023-05-30 00:00:00,140.2432575144413
2023-05-30 01:00:00,117.1581606810877
2023-05-30 02:00:00,101.20256467864466
2023-05-30 03:00:00,100.03176468714238
2023-05-30 04:00:00,97.84750315326481
2023-05-30 05:00:00,105.88883852979741
2023-05-30 06:00:00,116.1327389002479
2023-05-30 07:00:00,136.78835324398312
2023-05-30 08:00:00,141.10099673700194
2023-05-30 09:00:00,150.46170165803233
2023-05-30 10:00:00,153.43625378981298
2023-05-30 11:00:00,170.96671102144623
2023-05-30 12:00:00,170.30378500605806
2023-05-30 13:00:00,170.7153349162247
2023-05-30 14:00:00,171.2168937821656
2023-05-30 15:00:00,170.07811627364754
2023-05-30 16:00:00,170.98787365572343
2023-05-30 17:00:00,167.78377106848487
2023-05-30 18:00:00,162.79136226250927
2023-05-30 19:00:00,157.73323335172836
2023-05-30 20:00:00,141.99564712430947
2023-05-30 21:00:00,142.18827010178845
2023-05-30 22:00:00,150.2736016517173
2023-05-30 23:00:00,152.28873206299136
2023-05-31 00:00:00,131.16472284921798
2023-05-31 01:00:00,111.87139872030346
2023-05-31 02:00:00,100.45264227967891
2023-05-31 03:00:00,99.01882849596242
2023-05-31 04:00:00,97.4861162757566
2023-05-31 05:00:00,104.00785988226846
2023-05-31 06:00:00,116.07007182482869
2023-05-31 07:00:00,138.64119548342717
2023-05-31 08:00:00,146.78634820031547
2023-05-31 09:00:00,156.85034866547306
2023-05-31 10:00:00,163.5209838163114
2023-05-31 11:00:00,171.69712011203742
2023-05-31 12:00:00,171.18138185606145
2023-05-31 13:00:00,173.6921694258285
2023-05-31 14:00:00,183.4554333635161
2023-05-31 15:00:00,182.76951509265064
2023-05-31 16:00:00,184.1322155196146
2023-05-31 17:00:00,180.86700895559028
2023-05-31 18:00:00,176.46515966454268
2023-05-31 19:00:00,172.0268888558421
2023-05-31 20:00:00,151.84077721176183
2023-05-31 21:00:00,147.264162177996
2023-05-31 22:00:00,153.64608039755944
2023-05-31 23:00:00,153.2827222996382
2023-06-01 00:00:00,133.73073014081027
2023-06-01 01:00:00,113.81959132789066
2023-06-01 02:00:00,103.08170964467848
2023-06-01 03:00:00,98.75867143139673
2023-06-01 04:00:00,95.79413235921679
2023-06-01 05:00:00,100.15564436971692
2023-06-01 06:00:00,115.4877334889627
2023-06-01 07:00:00,135.88950619960295
2023-06-01 08:00:00,140.3320490201051
2023-06-01 09:00:00,147.70163414591008
2023-06-01 10:00:00,154.70623249977902
2023-06-01 11:00:00,162.44251088660067
2023-06-01 12:00:00,165.36115596017325
2023-06-01 13:00:00,167.64212860254327
2023-06-01 14:00:00,167.62527711760941
2023-06-01 15:00:00,168.76017941282396
2023-06-01 16:00:00,168.57054867705384
2023-06-01 17:00:00,164.9269919730005
2023-06-01 18:00:00,168.01114835391286
2023-06-01 19:00:00,167.9887698498779
2023-06-01 20:00:00,154.19254575953687
2023-06-01 21:00:00,150.80989349315342
2023-06-01 22:00:00,154.9505094713535
2023-06-01 23:00:00,154.6286722034265
2023-06-02 00:00:00,142.8939065581186
2023-06-02 01:00:00,117.65178458261465
2023-06-02 02:00:00,104.56381483497549
2023-06-02 03:00:00,98.95437760447004
2023-06-02 04:00:00,96.36353289698634
2023-06-02 05:00:00,99.81406256594967
2023-06-02 06:00:00,115.44167328670699
2023-06-02 07:00:00,133.36859663811094
2023-06-02 08:00:00,134.63524540756566
2023-06-02 09:00:00,133.85101154012187
2023-06-02 10:00:00,134.79567248637377
2023-06-02 11:00:00,137.8737112785537
2023-06-02 12:00:00,148.50875173835345
2023-06-02 13:00:00,155.4577349641784
2023-06-02 14:00:00,162.41989540760397
2023-06-02 15:00:00,166.38400082349216
2023-06-02 16:00:00,167.22386281584085
2023-06-02 17:00:00,164.74810043516143
2023-06-02 18:00:00,164.45684423252513
2023-06-02 19:00:00,165.9253006935752
2023-06-02 20:00:00,157.86148241222443
2023-06-02 21:00:00,151.15398087082207
2023-06-02 22:00:00,157.01724378587883
2023-06-02 23:00:00,158.65719062141244
2023-06-03 00:00:00,141.94009247899865
2023-06-03 01:00:00,114.28766943060687
2023-06-03 02:00:00,96.9256567812584
2023-06-03 03:00:00,90.72492489431079
2023-06-03 04:00:00,87.27931741048033
2023-06-03 05:00:00,87.91918292227108
2023-06-03 06:00:00,95.4032664671199
2023-06-03 07:00:00,102.49500192637298
2023-06-03 08:00:00,110.7476177071861
2023-06-03 09:00:00,120.94715222056661
2023-06-03 10:00:00,122.66367816950896
2023-06-03 11:00:00,122.32170919305011
2023-06-03 12:00:00,126.52225584009754
2023-06-03 13:00:00,131.58506373230952
2023-06-03 14:00:00,136.4956936411783
2023-06-03 15:00:00,141.37276328879634
2023-06-03 16:00:00,149.13615811398125
2023-06-03 17:00:00,150.48163322179155
2023-06-03 18:00:00,148.36419894763262
2023-06-03 19:00:00,150.50171204560624
2023-06-03 20:00:00,140.03785615337313
2023-06-03 21:00:00,136.91507103655653
2023-06-03 22:00:00,130.64671407410776
2023-06-03 23:00:00,126.34833876443142
2023-06-04 00:00:00,117.7495353930847
2023-06-04 01:00:00,101.7784903023426
2023-06-04 02:00:00,96.75472938783511
2023-06-04 03:00:00,89.92033862901295
2023-06-04 04:00:00,87.17154220787717
2023-06-04 05:00:00,87.09463883654517
2023-06-04 06:00:00,89.82666677767236
2023-06-04 07:00:00,93.0879750342229
2023-06-04 08:00:00,94.87854261831339
2023-06-04 09:00:00,102.20463477215144
2023-06-04 10:00:00,107.68536670530463
2023-06-04 11:00:00,113.54710049681023
2023-06-04 12:00:00,120.23472241669609
2023-06-04 13:00:00,123.22145410407555
2023-06-04 14:00:00,132.65956788839648
2023-06-04 15:00:00,135.06895778083074
2023-06-04 16:00:00,139.30008368841007
2023-06-04 17:00:00,137.70932141863307
2023-06-04 18:00:00,134.1088284919956
2023-06-04 19:00:00,129.87454630498482
2023-06-04 20:00:00,129.61622478351597
2023-06-04 21:00:00,132.84066231508504
2023-06-04 22:00:00,126.16358556033661
2023-06-04 23:00:00,119.8100974755236
2023-06-05 00:00:00,108.0506484983791
2023-06-05 01:00:00,96.75650707851034
2023-06-05 02:00:00,92.79586272176239
2023-06-05 03:00:00,91.05600193584502
2023-06-05 04:00:00,87.94245148733748
2023-06-05 05:00:00,96.14297162817707
2023-06-05 06:00:00,110.29226955800296
2023-06-05 07:00:00,134.32789083152133
2023-06-05 08:00:00,140.34318802830308
2023-06-05 09:00:00,149.521674608568
2023-06-05 10:00:00,160.6502563084371
2023-06-05 11:00:00,163.8150763033498
2023-06-05 12:00:00,158.97517299811923
2023-06-05 13:00:00,156.73065185296525
2023-06-05 14:00:00,157.26649736852755
2023-06-05 15:00:00,158.59743430849286
2023-06-05 16:00:00,157.98999162883587
2023-06-05 17:00:00,152.36219319867035
2023-06-05 18:00:00,148.4843986537303
2023-06-05 19:00:00,143.10678181402676
2023-06-05 20:00:00,137.85231339066863
2023-06-05 21:00:00,132.57176345663348
2023-06-05 22:00:00,122.6959188361961
2023-06-05 23:00:00,117.20884954558117
2023-06-06 00:00:00,102.23410879278399
2023-06-06 01:00:00,94.65000370811138
2023-06-06 02:00:00,90.94792805058532
2023-06-06 03:00:00,90.85946109009032
2023-06-06 04:00:00,88.77394503961176
2023-06-06 05:00:00,95.99771576314981
2023-06-06 06:00:00,112.5269476555639
2023-06-06 07:00:00,140.26406352655576
2023-06-06 08:00:00,150.24162796323043
2023-06-06 09:00:00,159.773265832861
2023-06-06 10:00:00,160.91186051669604
2023-06-06 11:00:00,171.0305261716798
2023-06-06 12:00:00,165.49800452004916
2023-06-06 13:00:00,166.17650488423178
2023-06-06 14:00:00,163.5050962128842
2023-06-06 15:00:00,164.79532183703918
2023-06-06 16:00:00,164.4670972312517
2023-06-06 17:00:00,155.12056489599638
2023-06-06 18:00:00,146.33338517147573
2023-06-06 19:00:00,145.51758169974454
2023-06-06 20:00:00,135.7142612470439
2023-06-06 21:00:00,128.48029381225294
2023-06-06 22:00:00,115.62267389051664
2023-06-06 23:00:00,113.80149579316594
2023-06-07 00:00:00,106.37452745587768
2023-06-07 01:00:00,97.35893258107711
2023-06-07 02:00:00,98.65913822125782
2023-06-07 03:00:00,95.08023347548256
2023-06-07 04:00:00,91.82338181823546
2023-06-07 05:00:00,98.62826020411002
2023-06-07 06:00:00,115.10402863428683
2023-06-07 07:00:00,139.4416729983854
2023-06-07 08:00:00,151.35126931693597
2023-06-07 09:00:00,157.33087103127457
2023-06-07 10:00:00,164.83126771958808
2023-06-07 11:00:00,171.91959622051064
2023-06-07 12:00:00,170.92563720553727
2023-06-07 13:00:00,171.28448788153227
2023-06-07 14:00:00,170.78138503164513
2023-06-07 15:00:00,168.9567578335215
2023-06-07 16:00:00,168.23155879306424
2023-06-07 17:00:00,162.3007996164542
2023-06-07 18:00:00,156.20609677022208
2023-06-07 19:00:00,148.990183951093
2023-06-07 20:00:00,140.1152264017991
2023-06-07 21:00:00,129.45436246274204
2023-06-07 22:00:00,113.36836078032873
2023-06-07 23:00:00,111.0193235836659
2023-06-08 00:00:00,98.3676233294339
2023-06-08 01:00:00,95.40993454311493
2023-06-08 02:00:00,94.40949123359249
2023-06-08 03:00:00,97.24613472921132
2023-06-08 04:00:00,93.179974962669
2023-06-08 05:00:00,99.36283768368862
2023-06-08 06:00:00,111.6466546043746
2023-06-08 07:00:00,138.4879792798308
2023-06-08 08:00:00,148.86682579564837
2023-06-08 09:00:00,156.6387088318842
2023-06-08 10:00:00,162.55961252419817
2023-06-08 11:00:00,170.171746909309
2023-06-08 12:00:00,169.76761724876428
2023-06-08 13:00:00,171.21813999005002
2023-06-08 14:00:00,170.36735499563545
2023-06-08 15:00:00,170.84905552863518
2023-06-08 16:00:00,167.98180750981285
2023-06-08 17:00:00,163.41821448563172
2023-06-08 18:00:00,159.02927734584637
2023-06-08 19:00:00,150.5283144154823
2023-06-08 20:00:00,137.13113029754626
2023-06-08 21:00:00,127.02239408675156
2023-06-08 22:00:00,115.25113222060861
2023-06-08 23:00:00,109.85893808179853
2023-06-09 00:00:00,98.33519308772095
2023-06-09 01:00:00,95.4893914284704
2023-06-09 02:00:00,93.15344451152137
2023-06-09 03:00:00,92.39423913726141
2023-06-09 04:00:00,90.74674034149562
2023-06-09 05:00:00,96.78106611727065
2023-06-09 06:00:00,112.75062170533128
2023-06-09 07:00:00,136.13195389601418
2023-06-09 08:00:00,137.25812083037485
2023-06-09 09:00:00,144.26339784989975
2023-06-09 10:00:00,150.56001269619156
2023-06-09 11:00:00,159.86793157662913
2023-06-09 12:00:00,162.72195806440183
2023-06-09 13:00:00,169.19028139019912
2023-06-09 14:00:00,168.7345709235419
2023-06-09 15:00:00,166.16468706630656
2023-06-09 16:00:00,166.75501934844854
2023-06-09 17:00:00,164.37489817140636
2023-06-09 18:00:00,161.0761175576866
2023-06-09 19:00:00,154.0560702405319
2023-06-09 20:00:00,140.37825313638555
2023-06-09 21:00:00,129.21131031521773
2023-06-09 22:00:00,113.82878424163738
2023-06-09 23:00:00,111.15752485602617
2023-06-10 00:00:00,95.93937322868203
2023-06-10 01:00:00,89.37464321887383
2023-06-10 02:00:00,85.3420410172978
2023-06-10 03:00:00,84.43445914792595
2023-06-10 04:00:00,84.7214037633123
2023-06-10 05:00:00,85.10748157928832
2023-06-10 06:00:00,88.70403877299006
2023-06-10 07:00:00,103.05901705748411
2023-06-10 08:00:00,113.10049258249872
2023-06-10 09:00:00,117.52580015490177
2023-06-10 10:00:00,120.70434640204961
2023-06-10 11:00:00,119.63415088920843
2023-06-10 12:00:00,127.8839634429859
2023-06-10 13:00:00,137.38553524575266
2023-06-10 14:00:00,144.5600828426855
2023-06-10 15:00:00,151.78362299678975
2023-06-10 16:00:00,153.54517737600472
2023-06-10 17:00:00,157.59424623804654
2023-06-10 18:00:00,151.20729723188228
2023-06-10 19:00:00,141.83074420260954
2023-06-10 20:00:00,131.25281271177772
2023-06-10 21:00:00,127.98335958236261
2023-06-10 22:00:00,112.12799263709897
2023-06-10 23:00:00,108.34436365767797
2023-06-11 00:00:00,91.0217463837324
2023-06-11 01:00:00,83.98662276395825
2023-06-11 02:00:00,81.52106996650114
2023-06-11 03:00:00,78.79347513236479
2023-06-11 04:00:00,75.98486890855018
2023-06-11 05:00:00,80.25830399253599
2023-06-11 06:00:00,85.44554628022351
2023-06-11 07:00:00,89.51499022083712
2023-06-11 08:00:00,95.1800337182477
2023-06-11 09:00:00,103.1756034508468
2023-06-11 10:00:00,108.38757736394658
2023-06-11 11:00:00,112.2544892750526
2023-06-11 12:00:00,116.81724991011315
2023-06-11 13:00:00,123.72749000695505
2023-06-11 14:00:00,127.49871148140919
2023-06-11 15:00:00,131.7020244541801
2023-06-11 16:00:00,135.6176016427637
2023-06-11 17:00:00,136.34045895661706
2023-06-11 18:00:00,132.69240241384648
2023-06-11 19:00:00,132.00990167470434
2023-06-11 20:00:00,131.3552915720082
2023-06-11 21:00:00,132.6755610536216
2023-06-11 22:00:00,112.32904551681841
2023-06-11 23:00:00,106.10910147557752
2023-06-12 00:00:00,100.83921194208202
2023-06-12 01:00:00,100.37020312283461
2023-06-12 02:00:00,100.69250848168267
2023-06-12 03:00:00,99.69268243442464
2023-06-12 04:00:00,99.11592527576356
2023-06-12 05:00:00,104.19259997740346
2023-06-12 06:00:00,114.38662446633008
2023-06-12 07:00:00,135.39311049927164
2023-06-12 08:00:00,139.69266520510575
2023-06-12 09:00:00,148.34812421423248
2023-06-12 10:00:00,158.12211213872516
2023-06-12 11:00:00,158.0607715132212
2023-06-12 12:00:00,157.03724246159257
2023-06-12 13:00:00,158.73785426069693
2023-06-12 14:00:00,156.4562563028457
2023-06-12 15:00:00,161.37429038287607
2023-06-12 16:00:00,164.18429605668732
2023-06-12 17:00:00,157.2551477942589
2023-06-12 18:00:00,145.7682168553916
2023-06-12 19:00:00,143.43508137095665
2023-06-12 20:00:00,137.88011808742306
2023-06-12 21:00:00,135.2148677609396
2023-06-12 22:00:00,124.79728251724735
2023-06-12 23:00:00,115.56756216748708
2023-06-13 00:00:00,103.68429061461012
2023-06-13 01:00:00,95.96045648717816
2023-06-13 02:00:00,94.99239210350308
2023-06-13 03:00:00,94.61110752113198
2023-06-13 04:00:00,96.38560353446198
2023-06-13 05:00:00,101.08144136179357
2023-06-13 06:00:00,118.29570887705913
2023-06-13 07:00:00,137.91700215536295
2023-06-13 08:00:00,146.16518441671815
2023-06-13 09:00:00,158.89113447166073
2023-06-13 10:00:00,166.70330283863126
2023-06-13 11:00:00,175.76057848638345
2023-06-13 12:00:00,181.1178773035527
2023-06-13 13:00:00,184.65597934311683
2023-06-13 14:00:00,184.10972565573084
2023-06-13 15:00:00,186.01468885335373
2023-06-13 16:00:00,185.8671790579311
2023-06-13 17:00:00,178.2189206278203
2023-06-13 18:00:00,168.42890989043113
2023-06-13 19:00:00,154.2620469128902
2023-06-13 20:00:00,142.26090370936146
2023-06-13 21:00:00,144.89972061876367
2023-06-13 22:00:00,139.05182298243332
2023-06-13 23:00:00,124.67980580492552
2023-06-14 00:00:00,110.6654915312153
2023-06-14 01:00:00,95.89782987936024
2023-06-14 02:00:00,91.4386255171113
2023-06-14 03:00:00,89.25784798992409
2023-06-14 04:00:00,88.4424689854499
2023-06-14 05:00:00,96.51554119646991
2023-06-14 06:00:00,116.60164676595413
2023-06-14 07:00:00,137.18893637498516
2023-06-14 08:00:00,148.07483173642277
2023-06-14 09:00:00,156.65951072930858
2023-06-14 10:00:00,166.18472678754057
2023-06-14 11:00:00,171.50998330646357
2023-06-14 12:00:00,172.75320418663577
2023-06-14 13:00:00,171.9501746723168
2023-06-14 14:00:00,171.1689289621731
2023-06-14 15:00:00,168.85704941652062
2023-06-14 16:00:00,168.54954105834108
2023-06-14 17:00:00,166.1261386318722
2023-06-14 18:00:00,163.10403739053856
2023-06-14 19:00:00,159.89138290523837
2023-06-14 20:00:00,141.11038949172115
2023-06-14 21:00:00,138.26206930026154
2023-06-14 22:00:00,133.31532774367335
2023-06-14 23:00:00,123.08911781557163
2023-06-15 00:00:00,111.7690987006185
2023-06-15 01:00:00,104.25729905370412
2023-06-15 02:00:00,101.66722644710823
2023-06-15 03:00:00,100.0171259564366
2023-06-15 04:00:00,99.0187993875914
2023-06-15 05:00:00,104.80407197785985
2023-06-15 06:00:00,115.67742137928452
2023-06-15 07:00:00,136.3281468937082
2023-06-15 08:00:00,142.88392120839194
2023-06-15 09:00:00,153.96894258974896
2023-06-15 10:00:00,167.98850941813785
2023-06-15 11:00:00,178.46476992600518
2023-06-15 12:00:00,186.03110097813683
2023-06-15 13:00:00,189.464162136771
2023-06-15 14:00:00,189.4649381033446
2023-06-15 15:00:00,189.5447956355853
2023-06-15 16:00:00,189.413407233139
2023-06-15 17:00:00,185.99165971683794
2023-06-15 18:00:00,183.76572848213723
2023-06-15 19:00:00,174.7949450548967
2023-06-15 20:00:00,164.7656475635496
2023-06-15 21:00:00,153.72048043474118
2023-06-15 22:00:00,145.08972641668217
2023-06-15 23:00:00,142.291489555856
2023-06-16 00:00:00,120.68792331399584
2023-06-16 01:00:00,103.32010163254424
2023-06-16 02:00:00,97.26123460638094
2023-06-16 03:00:00,94.62237175618449
2023-06-16 04:00:00,91.57184136770377
2023-06-16 05:00:00,98.07806251827571
2023-06-16 06:00:00,113.16652842553277
2023-06-16 07:00:00,137.51274107121048
2023-06-16 08:00:00,148.41436565518978
2023-06-16 09:00:00,157.99285912537215
2023-06-16 10:00:00,167.000437780605
2023-06-16 11:00:00,177.5326384862784
2023-06-16 12:00:00,186.47668539050312
2023-06-16 13:00:00,189.64671729765357
2023-06-16 14:00:00,187.85823569983347
2023-06-16 15:00:00,188.3226652309801
2023-06-16 16:00:00,186.8063542616591
2023-06-16 17:00:00,182.6991910489018
2023-06-16 18:00:00,179.92457731398096
2023-06-16 19:00:00,176.30397497317327
2023-06-16 20:00:00,176.02262292513868
2023-06-16 21:00:00,168.1536224488782
2023-06-16 22:00:00,151.63418203956982
2023-06-16 23:00:00,146.13570094062302
2023-06-17 00:00:00,123.36351633742906
2023-06-17 01:00:00,97.8926918540269
2023-06-17 02:00:00,90.8467650920921
2023-06-17 03:00:00,86.06483464786756
2023-06-17 04:00:00,79.5275653735496
2023-06-17 05:00:00,81.70539759116556
2023-06-17 06:00:00,85.75172736923017
2023-06-17 07:00:00,100.44250344167226
2023-06-17 08:00:00,115.3569260439207
2023-06-17 09:00:00,125.33968032137953
2023-06-17 10:00:00,135.29722732052633
2023-06-17 11:00:00,143.11506845627736
2023-06-17 12:00:00,152.1690259701305
2023-06-17 13:00:00,163.823907773451
2023-06-17 14:00:00,171.80576233054353
2023-06-17 15:00:00,172.4015084680456
2023-06-17 16:00:00,171.05746235797827
2023-06-17 17:00:00,167.43254495891543
2023-06-17 18:00:00,158.2667860431888
2023-06-17 19:00:00,153.9879760995298
2023-06-17 20:00:00,153.43527858737346
2023-06-17 21:00:00,155.48049899681396
2023-06-17 22:00:00,148.00746477823273
2023-06-17 23:00:00,148.49067193737824
2023-06-18 00:00:00,121.41312249670246
2023-06-18 01:00:00,99.22837816655297
2023-06-18 02:00:00,87.90313123968389
2023-06-18 03:00:00,80.89932515286158
2023-06-18 04:00:00,75.63091798561874
2023-06-18 05:00:00,77.97363572718156
2023-06-18 06:00:00,79.79241290843032
2023-06-18 07:00:00,83.35897986649469
2023-06-18 08:00:00,94.63107976352079
2023-06-18 09:00:00,103.2442583915537
2023-06-18 10:00:00,117.3186544092684
2023-06-18 11:00:00,126.08503640815657
2023-06-18 12:00:00,132.88453947144782
2023-06-18 13:00:00,139.83152682593962
2023-06-18 14:00:00,149.12874498248098
2023-06-18 15:00:00,161.21805163677536
2023-06-18 16:00:00,169.41736628954607
2023-06-18 17:00:00,168.03120600863298
2023-06-18 18:00:00,159.34191220830698
2023-06-18 19:00:00,150.46840461374006
2023-06-18 20:00:00,139.15639082371985
2023-06-18 21:00:00,136.1878048237557
2023-06-18 22:00:00,133.66682663475967
2023-06-18 23:00:00,133.2509916684955
2023-06-19 00:00:00,119.63310879088256
2023-06-19 01:00:00,105.09424928531124
2023-06-19 02:00:00,97.72014853470937
2023-06-19 03:00:00,95.50438121163678
2023-06-19 04:00:00,90.00470064190158
2023-06-19 05:00:00,97.8129788946873
2023-06-19 06:00:00,111.9250386719181
2023-06-19 07:00:00,132.33500678002684
2023-06-19 08:00:00,139.40330020439495
2023-06-19 09:00:00,150.30473578149258
2023-06-19 10:00:00,165.70437762109214
2023-06-19 11:00:00,174.80769443531793
2023-06-19 12:00:00,179.701399427393
2023-06-19 13:00:00,183.93242446953678
2023-06-19 14:00:00,189.72735067144248
2023-06-19 15:00:00,197.047600992377
2023-06-19 16:00:00,209.9022671615152
2023-06-19 17:00:00,206.7514070545328
2023-06-19 18:00:00,201.05126181449307
2023-06-19 19:00:00,196.559861661059
2023-06-19 20:00:00,186.91955607220237
2023-06-19 21:00:00,166.8832318458164
2023-06-19 22:00:00,158.3434769811078
2023-06-19 23:00:00,149.02661070306613
2023-06-20 00:00:00,134.62319394834
2023-06-20 01:00:00,115.5048067727631
2023-06-20 02:00:00,104.09325289497998
2023-06-20 03:00:00,98.30435817488801
2023-06-20 04:00:00,93.83781549736715
2023-06-20 05:00:00,100.44468476416982
2023-06-20 06:00:00,117.19019370168449
2023-06-20 07:00:00,140.80664253486506
2023-06-20 08:00:00,155.10496306212474
2023-06-20 09:00:00,168.94815914618806
2023-06-20 10:00:00,181.79419357344312
2023-06-20 11:00:00,196.7153833968535
2023-06-20 12:00:00,205.5903100073861
2023-06-20 13:00:00,209.79208667941006
2023-06-20 14:00:00,207.81740176435406
2023-06-20 15:00:00,214.571024049709
2023-06-20 16:00:00,214.35765666266977
2023-06-20 17:00:00,211.71227003339484
2023-06-20 18:00:00,207.54090664808933
2023-06-20 19:00:00,209.5490647032138
2023-06-20 20:00:00,196.05073111891392
2023-06-20 21:00:00,194.30474029011214
2023-06-20 22:00:00,190.16703474234058
2023-06-20 23:00:00,172.8651517026307
2023-06-21 00:00:00,147.31300005067652
2023-06-21 01:00:00,118.94117834454548
2023-06-21 02:00:00,105.73398919285957
2023-06-21 03:00:00,97.25564594072344
2023-06-21 04:00:00,95.35474567904848
2023-06-21 05:00:00,100.36362368713455
2023-06-21 06:00:00,117.8467955583206
2023-06-21 07:00:00,138.87321426887019
2023-06-21 08:00:00,153.48244082709567
2023-06-21 09:00:00,172.6569060646856
2023-06-21 10:00:00,182.40953803076246
2023-06-21 11:00:00,201.7191790124938
2023-06-21 12:00:00,214.85061193293635
2023-06-21 13:00:00,216.35545232167738
2023-06-21 14:00:00,215.13896764596961
2023-06-21 15:00:00,217.87534349621095
2023-06-21 16:00:00,226.34481395496422
2023-06-21 17:00:00,222.96428909841853
2023-06-21 18:00:00,224.0247170961254
2023-06-21 19:00:00,218.80882211260226
2023-06-21 20:00:00,214.41941791518252
2023-06-21 21:00:00,194.59190302282113
2023-06-21 22:00:00,191.9482204384358
2023-06-21 23:00:00,173.70765463308672
2023-06-22 00:00:00,158.82550612141657
2023-06-22 01:00:00,129.16908874065456
2023-06-22 02:00:00,111.08468355138578
2023-06-22 03:00:00,100.05637803298175
2023-06-22 04:00:00,93.47873480274723
2023-06-22 05:00:00,94.6163285742135
2023-06-22 06:00:00,110.3656285185214
2023-06-22 07:00:00,139.46032004862897
2023-06-22 08:00:00,147.00721921095018
2023-06-22 09:00:00,154.8254166283356
2023-06-22 10:00:00,158.73704544061155
2023-06-22 11:00:00,164.11487834657035
2023-06-22 12:00:00,166.083094915582
2023-06-22 13:00:00,167.0355705316178
2023-06-22 14:00:00,164.9750993978985
2023-06-22 15:00:00,168.47931064942028
2023-06-22 16:00:00,167.42850741107486
2023-06-22 17:00:00,163.6940660662893
2023-06-22 18:00:00,162.59140140773232
2023-06-22 19:00:00,163.3399397243806
2023-06-22 20:00:00,157.73125877690893
2023-06-22 21:00:00,153.39659787837127
2023-06-22 22:00:00,152.46044857425747
2023-06-22 23:00:00,151.39630677125405
2023-06-23 00:00:00,138.26939487214207
2023-06-23 01:00:00,117.0602517877345
2023-06-23 02:00:00,101.89769864583224
2023-06-23 03:00:00,100.40210843001249
2023-06-23 04:00:00,98.30741780977436
2023-06-23 05:00:00,101.77911280822606
2023-06-23 06:00:00,106.72632700748716
2023-06-23 07:00:00,133.12097218646812
2023-06-23 08:00:00,136.50624635985193
2023-06-23 09:00:00,138.82887689966358
2023-06-23 10:00:00,146.566804840971
2023-06-23 11:00:00,159.04942474542545
2023-06-23 12:00:00,164.94147803248563
2023-06-23 13:00:00,175.0440879259643
2023-06-23 14:00:00,183.87505253060112
2023-06-23 15:00:00,185.20581670110292
2023-06-23 16:00:00,181.83707948638192
2023-06-23 17:00:00,180.54027559807437
2023-06-23 18:00:00,176.75909288524429
2023-06-23 19:00:00,172.53628524161147
2023-06-23 20:00:00,156.3621421296464
2023-06-23 21:00:00,147.4485453425393
2023-06-23 22:00:00,147.4235204415101
2023-06-23 23:00:00,147.2890163326471
2023-06-24 00:00:00,126.90261183673722
2023-06-24 01:00:00,107.32408041015331
2023-06-24 02:00:00,93.63943360730642
2023-06-24 03:00:00,84.86708048436756
2023-06-24 04:00:00,79.19762344796025
2023-06-24 05:00:00,80.59525087185452
2023-06-24 06:00:00,82.45911592632996
2023-06-24 07:00:00,96.1694928976767
2023-06-24 08:00:00,108.23220288887717
2023-06-24 09:00:00,115.52732548085461
2023-06-24 10:00:00,120.65580467914546
2023-06-24 11:00:00,120.23391352872453
2023-06-24 12:00:00,127.51505948166782
2023-06-24 13:00:00,132.61957623393974
2023-06-24 14:00:00,133.9709756542383
2023-06-24 15:00:00,137.00389521578967
2023-06-24 16:00:00,140.2918615983486
2023-06-24 17:00:00,141.92230283053692
2023-06-24 18:00:00,136.81114138984998
2023-06-24 19:00:00,133.43840483843195
2023-06-24 20:00:00,127.7187810798783
2023-06-24 21:00:00,129.56512924026737
2023-06-24 22:00:00,129.54578204588918
2023-06-24 23:00:00,127.34680520900397
2023-06-25 00:00:00,109.79759878508327
2023-06-25 01:00:00,92.9977096124204
2023-06-25 02:00:00,86.44427666561143
2023-06-25 03:00:00,79.23555888485
2023-06-25 04:00:00,75.29583595810213
2023-06-25 05:00:00,78.29147515609316
2023-06-25 06:00:00,80.18763984478556
2023-06-25 07:00:00,83.61723650841188
2023-06-25 08:00:00,88.33181867624427
2023-06-25 09:00:00,98.08059190972483
2023-06-25 10:00:00,108.5124869177719
2023-06-25 11:00:00,113.92513855362333
2023-06-25 12:00:00,119.77812183321024
2023-06-25 13:00:00,121.32970717618078
2023-06-25 14:00:00,126.71225364190899
2023-06-25 15:00:00,133.50588895377746
2023-06-25 16:00:00,136.56350050156584
2023-06-25 17:00:00,133.75303725541843
2023-06-25 18:00:00,129.5232203923718
2023-06-25 19:00:00,126.25940760380651
2023-06-25 20:00:00,119.42355445984342
2023-06-25 21:00:00,123.56222640992202
2023-06-25 22:00:00,127.91340550258134
2023-06-25 23:00:00,121.49741040936983
2023-06-26 00:00:00,115.9889307389516
2023-06-26 01:00:00,106.48884877638777
2023-06-26 02:00:00,106.59683440965154
2023-06-26 03:00:00,107.63896600314655
2023-06-26 04:00:00,105.39913731465855
2023-06-26 05:00:00,111.85184226403044
2023-06-26 06:00:00,121.9941807580372
2023-06-26 07:00:00,133.65667015488984
2023-06-26 08:00:00,136.6242899990255
2023-06-26 09:00:00,137.09401872261375
2023-06-26 10:00:00,138.2903867650309
2023-06-26 11:00:00,143.44355325447484
2023-06-26 12:00:00,147.4004598938279
2023-06-26 13:00:00,150.59438921261972
2023-06-26 14:00:00,159.7254610297363
2023-06-26 15:00:00,158.57399493069042
2023-06-26 16:00:00,157.09001003711774
2023-06-26 17:00:00,148.40174231675903
2023-06-26 18:00:00,145.09551510075823
2023-06-26 19:00:00,138.5554759588471
2023-06-26 20:00:00,120.45250702950695
2023-06-26 21:00:00,114.76824335849734
2023-06-26 22:00:00,115.81165476288174
2023-06-26 23:00:00,111.60333449233403
2023-06-27 00:00:00,102.25893979723799
2023-06-27 01:00:00,98.41028756097755
2023-06-27 02:00:00,99.6942274016603
2023-06-27 03:00:00,101.73046077199253
2023-06-27 04:00:00,100.78750417282896
2023-06-27 05:00:00,109.90673350844608
2023-06-27 06:00:00,114.9948814623746
2023-06-27 07:00:00,130.40198555450436
2023-06-27 08:00:00,135.080943371189
2023-06-27 09:00:00,140.91727435052962
2023-06-27 10:00:00,150.96211260565244
2023-06-27 11:00:00,162.2338542249721
2023-06-27 12:00:00,164.8769598084677
2023-06-27 13:00:00,165.14666160229422
2023-06-27 14:00:00,170.67536866018304
2023-06-27 15:00:00,170.31575706201878
2023-06-27 16:00:00,170.56364728679387
2023-06-27 17:00:00,159.405302850586
2023-06-27 18:00:00,149.97323942085325
2023-06-27 19:00:00,144.95742562379624
2023-06-27 20:00:00,123.50790279272658
2023-06-27 21:00:00,110.69843609604882
2023-06-27 22:00:00,115.17536571703877
2023-06-27 23:00:00,112.12532404243555
2023-06-28 00:00:00,105.27585325896163
2023-06-28 01:00:00,101.34785237463382
2023-06-28 02:00:00,99.64574029657355
2023-06-28 03:00:00,99.74792609625358
2023-06-28 04:00:00,99.17153221428012
2023-06-28 05:00:00,106.87563570271541
2023-06-28 06:00:00,116.5485648268625
2023-06-28 07:00:00,132.4145773680587
2023-06-28 08:00:00,134.7480789197632
2023-06-28 09:00:00,138.13350553632895
2023-06-28 10:00:00,151.63156792261154
2023-06-28 11:00:00,169.26659547198454
2023-06-28 12:00:00,175.74318826118665
2023-06-28 13:00:00,189.3357498712216
2023-06-28 14:00:00,190.00510370296308
2023-06-28 15:00:00,189.10377750915868
2023-06-28 16:00:00,188.47565479429207
2023-06-28 17:00:00,179.94924524225615
2023-06-28 18:00:00,173.29676921721952
2023-06-28 19:00:00,166.55239655856158
2023-06-28 20:00:00,142.9631407390477
2023-06-28 21:00:00,134.55926975055255
2023-06-28 22:00:00,118.43854011559235
2023-06-28 23:00:00,113.16019643424323
2023-06-29 00:00:00,102.53584470039375
2023-06-29 01:00:00,97.56112410747977
2023-06-29 02:00:00,92.47173704033659
2023-06-29 03:00:00,90.23777269978716
2023-06-29 04:00:00,92.45735675038404
2023-06-29 05:00:00,99.51922960127705
2023-06-29 06:00:00,110.3837080629224
2023-06-29 07:00:00,138.93037605837318
2023-06-29 08:00:00,145.5235677527419
2023-06-29 09:00:00,154.20271934763662
2023-06-29 10:00:00,164.54535315241037
2023-06-29 11:00:00,172.63144282340124
2023-06-29 12:00:00,174.81441844608864
2023-06-29 13:00:00,185.28346001113374
2023-06-29 14:00:00,187.1456234241204
2023-06-29 15:00:00,184.82440192366371
2023-06-29 16:00:00,184.5289923167293
2023-06-29 17:00:00,179.37113061065548
2023-06-29 18:00:00,175.79208844782224
2023-06-29 19:00:00,174.02064753818186
2023-06-29 20:00:00,161.65316767974835
2023-06-29 21:00:00,147.99816894233246
2023-06-29 22:00:00,137.55086697136556
2023-06-29 23:00:00,120.978080632688
2023-06-30 00:00:00,112.0822402411566
2023-06-30 01:00:00,100.88099173269974
2023-06-30 02:00:00,97.69325442428685
2023-06-30 03:00:00,95.45719606091417
2023-06-30 04:00:00,92.47925952302081
2023-06-30 05:00:00,96.343123126175
2023-06-30 06:00:00,108.46254138776607
2023-06-30 07:00:00,136.58873762639016
2023-06-30 08:00:00,141.63627313516142
2023-06-30 09:00:00,150.26999917851163
2023-06-30 10:00:00,165.98554258868054
2023-06-30 11:00:00,175.60628732244382
2023-06-30 12:00:00,182.6735550223055
2023-06-30 13:00:00,185.44993079239478
2023-06-30 14:00:00,183.0020828139791
2023-06-30 15:00:00,186.19381863022224
2023-06-30 16:00:00,181.8545695668132
2023-06-30 17:00:00,181.26595886128635
2023-06-30 18:00:00,177.98033455607776
2023-06-30 19:00:00,174.20284853912835
2023-06-30 20:00:00,171.13787604872078
2023-06-30 21:00:00,148.85004177030743
2023-06-30 22:00:00,146.86188770369242
2023-06-30 23:00:00,136.81184189648727
2023-07-01 00:00:00,114.71833645277476
2023-07-01 01:00:00,98.92055869335313
2023-07-01 02:00:00,94.25671190907885
2023-07-01 03:00:00,89.65286429764046
2023-07-01 04:00:00,85.5763154472753
2023-07-01 05:00:00,87.03276415071593
2023-07-01 06:00:00,89.95909342201855
2023-07-01 07:00:00,102.06765214105123
2023-07-01 08:00:00,116.57273016712102
2023-07-01 09:00:00,120.5850286786759
2023-07-01 10:00:00,121.59833227721643
2023-07-01 11:00:00,121.75403035850249
2023-07-01 12:00:00,127.21835462430239
2023-07-01 13:00:00,129.8491869464548
2023-07-01 14:00:00,132.25901351979192
2023-07-01 15:00:00,135.01058993424465
2023-07-01 16:00:00,138.30114341727221
2023-07-01 17:00:00,138.3457170277648
2023-07-01 18:00:00,132.99179434756002
2023-07-01 19:00:00,129.76289603037426
2023-07-01 20:00:00,130.53944267733868
2023-07-01 21:00:00,128.4945533190372
2023-07-01 22:00:00,129.05942059189212
2023-07-01 23:00:00,127.07407620081315
2023-07-02 00:00:00,112.5868177540042
2023-07-02 01:00:00,97.17390453970313
2023-07-02 02:00:00,91.04848843477464
2023-07-02 03:00:00,84.25646589599167
2023-07-02 04:00:00,81.75587180381585
2023-07-02 05:00:00,83.06595373830952
2023-07-02 06:00:00,81.83160571510614
2023-07-02 07:00:00,84.34589751825101
2023-07-02 08:00:00,95.50122951476563
2023-07-02 09:00:00,101.6861218542247
2023-07-02 10:00:00,110.47758580278473
2023-07-02 11:00:00,117.11200661872888
2023-07-02 12:00:00,117.78758456930916
2023-07-02 13:00:00,122.75045577644983
2023-07-02 14:00:00,127.54231188266115
2023-07-02 15:00:00,132.86842878590514
2023-07-02 16:00:00,134.62839404112808
2023-07-02 17:00:00,132.04631667802468
2023-07-02 18:00:00,124.81349674833045
2023-07-02 19:00:00,124.27103773449952
2023-07-02 20:00:00,130.60971428137145
2023-07-02 21:00:00,129.02821213737062
2023-07-02 22:00:00,129.33715375832602
2023-07-02 23:00:00,124.3513632746854
2023-07-03 00:00:00,117.66749815260668
2023-07-03 01:00:00,105.72294738708209
2023-07-03 02:00:00,100.87698312030791
2023-07-03 03:00:00,99.58403971712438
2023-07-03 04:00:00,95.33989528689263
2023-07-03 05:00:00,101.02938717601043
2023-07-03 06:00:00,113.87105436811288
2023-07-03 07:00:00,133.29440901039698
2023-07-03 08:00:00,141.1879730652202
2023-07-03 09:00:00,149.97231249004787
2023-07-03 10:00:00,155.69430034488494
2023-07-03 11:00:00,157.1502529574258
2023-07-03 12:00:00,156.27273022793932
2023-07-03 13:00:00,155.340012775196
2023-07-03 14:00:00,150.82685823489462
2023-07-03 15:00:00,153.08656872332676
2023-07-03 16:00:00,150.01144730919387
2023-07-03 17:00:00,144.43005015814424
2023-07-03 18:00:00,134.51107884098002
2023-07-03 19:00:00,121.13137579132515
2023-07-03 20:00:00,121.33795048092561
2023-07-03 21:00:00,120.8273854064274
2023-07-03 22:00:00,118.67130288795127
2023-07-03 23:00:00,113.04427347685395
2023-07-04 00:00:00,107.57403391882679
2023-07-04 01:00:00,103.07743156559025
2023-07-04 02:00:00,99.48644964938845
2023-07-04 03:00:00,98.93096036062728
2023-07-04 04:00:00,97.27560456104314
2023-07-04 05:00:00,102.38015875260444
2023-07-04 06:00:00,117.03503538798147
2023-07-04 07:00:00,132.70223616092687
2023-07-04 08:00:00,135.2453243135603
2023-07-04 09:00:00,139.1273394820527
2023-07-04 10:00:00,144.14943320160558
2023-07-04 11:00:00,150.10173867039688
2023-07-04 12:00:00,154.91152340284214
2023-07-04 13:00:00,161.28339698184462
2023-07-04 14:00:00,160.45068357112243
2023-07-04 15:00:00,159.42357704223087
2023-07-04 16:00:00,155.9042801577538
2023-07-04 17:00:00,144.95717628381905
2023-07-04 18:00:00,134.43150022666455
2023-07-04 19:00:00,117.73940265464275
2023-07-04 20:00:00,111.70752393949049
2023-07-04 21:00:00,116.5462374266535
2023-07-04 22:00:00,117.23043597563696
2023-07-04 23:00:00,114.43335052699408
2023-07-05 00:00:00,107.55344975521757
2023-07-05 01:00:00,101.61506765523943
2023-07-05 02:00:00,101.53542869913176
2023-07-05 03:00:00,101.78493643582668
2023-07-05 04:00:00,100.60839681595465
2023-07-05 05:00:00,102.86808798450038
2023-07-05 06:00:00,115.52317252072953
2023-07-05 07:00:00,134.92832939605987
2023-07-05 08:00:00,134.33122489728675
2023-07-05 09:00:00,134.93926608370825
2023-07-05 10:00:00,138.09428877715166
2023-07-05 11:00:00,145.42261936218767
2023-07-05 12:00:00,155.1541523066146
2023-07-05 13:00:00,162.45962258322825
2023-07-05 14:00:00,160.0141662794508
2023-07-05 15:00:00,156.70445641742293
2023-07-05 16:00:00,156.25504692567586
2023-07-05 17:00:00,146.3174794346371
2023-07-05 18:00:00,135.63947124018435
2023-07-05 19:00:00,120.43500236508832
2023-07-05 20:00:00,107.68241550221958
2023-07-05 21:00:00,106.39949998157809
2023-07-05 22:00:00,107.7562020626752
2023-07-05 23:00:00,103.9209477969974
2023-07-06 00:00:00,97.27473622744702
2023-07-06 01:00:00,95.1797869925912
2023-07-06 02:00:00,94.43419693079231
2023-07-06 03:00:00,95.64200066748546
2023-07-06 04:00:00,95.55517379381338
2023-07-06 05:00:00,99.43586126646122
2023-07-06 06:00:00,111.9638063618569
2023-07-06 07:00:00,134.24634707791418
2023-07-06 08:00:00,134.77209514340203
2023-07-06 09:00:00,131.94383067754535
2023-07-06 10:00:00,131.2645878939035
2023-07-06 11:00:00,135.13211023846793
2023-07-06 12:00:00,138.57033266029137
2023-07-06 13:00:00,143.97355088495195
2023-07-06 14:00:00,145.30442697844032
2023-07-06 15:00:00,147.701068421924
2023-07-06 16:00:00,145.74238996851977
2023-07-06 17:00:00,140.25745279436512
2023-07-06 18:00:00,132.09603262886733
2023-07-06 19:00:00,118.84476411104298
2023-07-06 20:00:00,107.66146924975787
2023-07-06 21:00:00,106.35664451180799
2023-07-06 22:00:00,105.26056609682091
2023-07-06 23:00:00,103.44208135776361
2023-07-07 00:00:00,97.02866062206198
2023-07-07 01:00:00,97.21967001263249
2023-07-07 02:00:00,95.06781250088112
2023-07-07 03:00:00,93.30812865645868
2023-07-07 04:00:00,93.6645553146039
2023-07-07 05:00:00,98.18099283332596
2023-07-07 06:00:00,111.64540180652818
2023-07-07 07:00:00,133.42678411729855
2023-07-07 08:00:00,133.5888975224802
2023-07-07 09:00:00,132.4871161157191
2023-07-07 10:00:00,126.74544286331616
2023-07-07 11:00:00,127.73025305784537
2023-07-07 12:00:00,132.58551401715962
2023-07-07 13:00:00,135.3635066277641
2023-07-07 14:00:00,133.557544560501
2023-07-07 15:00:00,135.13724688455181
2023-07-07 16:00:00,132.87016710142848
2023-07-07 17:00:00,124.35789785771246
2023-07-07 18:00:00,119.980234381021
2023-07-07 19:00:00,114.58499043628532
2023-07-07 20:00:00,106.83180880327299
2023-07-07 21:00:00,104.44906743533367
2023-07-07 22:00:00,100.83068623275497
2023-07-07 23:00:00,99.41767942278372
2023-07-08 00:00:00,90.63462715579718
2023-07-08 01:00:00,84.99443722991411
2023-07-08 02:00:00,81.32274001109526
2023-07-08 03:00:00,82.0129029169912
2023-07-08 04:00:00,82.37279632264482
2023-07-08 05:00:00,85.78955396071761
2023-07-08 06:00:00,88.48684528402195
2023-07-08 07:00:00,99.58290599846586
2023-07-08 08:00:00,109.43844265978416
2023-07-08 09:00:00,116.36541616287523
2023-07-08 10:00:00,110.41537273622541
2023-07-08 11:00:00,112.75213956502331
2023-07-08 12:00:00,119.56820030878603
2023-07-08 13:00:00,122.91296290435689
2023-07-08 14:00:00,123.35472786484752
2023-07-08 15:00:00,125.67219582202961
2023-07-08 16:00:00,122.35623967425795
2023-07-08 17:00:00,117.37923337381868
2023-07-08 18:00:00,112.83291970453936
2023-07-08 19:00:00,110.86167063011031
2023-07-08 20:00:00,104.36094840229342
2023-07-08 21:00:00,95.55233835131493
2023-07-08 22:00:00,87.90478952104458
2023-07-08 23:00:00,79.29489063269786
2023-07-09 00:00:00,79.10198119892952
2023-07-09 01:00:00,77.38733498725269
2023-07-09 02:00:00,79.19265040501615
2023-07-09 03:00:00,80.39037083641726
2023-07-09 04:00:00,75.10704721215996
2023-07-09 05:00:00,76.12822450596647
2023-07-09 06:00:00,78.17281569200738
2023-07-09 07:00:00,84.544703433523
2023-07-09 08:00:00,89.74823020206962
2023-07-09 09:00:00,98.473687002787
2023-07-09 10:00:00,101.0722933572867
2023-07-09 11:00:00,103.58050748334585
2023-07-09 12:00:00,112.53804115187872
2023-07-09 13:00:00,117.7077647158262
2023-07-09 14:00:00,117.33998301003983
2023-07-09 15:00:00,118.41315813572287
2023-07-09 16:00:00,121.50010891315337
2023-07-09 17:00:00,119.4286223862518
2023-07-09 18:00:00,112.09520871538058
2023-07-09 19:00:00,103.75835187323912
2023-07-09 20:00:00,94.18300514653568
2023-07-09 21:00:00,86.47668117978132
2023-07-09 22:00:00,72.72944938391669
2023-07-09 23:00:00,70.24511100687435
2023-07-10 00:00:00,74.06651530900997
2023-07-10 01:00:00,76.02192250551143
2023-07-10 02:00:00,75.4084831874497
2023-07-10 03:00:00,76.59969504015707
2023-07-10 04:00:00,80.32549613070566
2023-07-10 05:00:00,90.76164130794197
2023-07-10 06:00:00,106.33628488237116
2023-07-10 07:00:00,127.56239610015922
2023-07-10 08:00:00,132.06948655260192
2023-07-10 09:00:00,136.10257040532852
2023-07-10 10:00:00,137.27815369343992
2023-07-10 11:00:00,144.36249567473618
2023-07-10 12:00:00,149.6739115185754
2023-07-10 13:00:00,157.9185738258423
2023-07-10 14:00:00,155.87160571658143
2023-07-10 15:00:00,158.38333577131644
2023-07-10 16:00:00,152.08118650538015
2023-07-10 17:00:00,146.18836126786115
2023-07-10 18:00:00,141.3723885808599
2023-07-10 19:00:00,131.27051967736182
2023-07-10 20:00:00,115.61554626990537
2023-07-10 21:00:00,110.31921178422137
2023-07-10 22:00:00,104.28161556429626
2023-07-10 23:00:00,101.29048084182465
2023-07-11 00:00:00,95.01386040413267
2023-07-11 01:00:00,88.75529273592103
2023-07-11 02:00:00,87.06567436093636
2023-07-11 03:00:00,84.84480410971277
2023-07-11 04:00:00,86.34503936171404
2023-07-11 05:00:00,94.02837411498015
2023-07-11 06:00:00,108.55074838270669
2023-07-11 07:00:00,136.65042414664748
2023-07-11 08:00:00,135.56443649570727
2023-07-11 09:00:00,136.40625884087373
2023-07-11 10:00:00,137.99030865171144
2023-07-11 11:00:00,147.48076350228752
2023-07-11 12:00:00,154.41092340915023
2023-07-11 13:00:00,159.92103335975173
2023-07-11 14:00:00,161.08524290315322
2023-07-11 15:00:00,163.63415804439984
2023-07-11 16:00:00,158.74820388997546
2023-07-11 17:00:00,148.13094431920106
2023-07-11 18:00:00,144.27259452618253
2023-07-11 19:00:00,135.11712716047006
2023-07-11 20:00:00,120.05195045963166
2023-07-11 21:00:00,114.18095656564812
2023-07-11 22:00:00,107.82407987970338
2023-07-11 23:00:00,104.77946708058212
2023-07-12 00:00:00,95.41531679169996
2023-07-12 01:00:00,87.8061316287269
2023-07-12 02:00:00,84.72882833835855
2023-07-12 03:00:00,80.9216509627019
2023-07-12 04:00:00,81.89413969944829
2023-07-12 05:00:00,90.33164294665109
2023-07-12 06:00:00,110.50600164000724
2023-07-12 07:00:00,138.66914634512847
2023-07-12 08:00:00,142.0429662989303
2023-07-12 09:00:00,144.75780145324626
2023-07-12 10:00:00,147.8478944705164
2023-07-12 11:00:00,158.39031566469316
2023-07-12 12:00:00,163.5913250197407
2023-07-12 13:00:00,168.88941547963952
2023-07-12 14:00:00,171.87793485943845
2023-07-12 15:00:00,171.79569803586807
2023-07-12 16:00:00,164.64214098411816
2023-07-12 17:00:00,157.01843783645077
2023-07-12 18:00:00,148.45492326726097
2023-07-12 19:00:00,143.14944200287223
2023-07-12 20:00:00,129.05323558037264
2023-07-12 21:00:00,116.76980405259899
2023-07-12 22:00:00,112.37070609404238
2023-07-12 23:00:00,107.00220868798297
2023-07-13 00:00:00,98.39317923408369
2023-07-13 01:00:00,94.26365550022867
2023-07-13 02:00:00,91.26454390801783
2023-07-13 03:00:00,85.38800666573961
2023-07-13 04:00:00,80.53685257053732
2023-07-13 05:00:00,86.66274558527915
2023-07-13 06:00:00,109.19174218679615
2023-07-13 07:00:00,137.98838943071846
2023-07-13 08:00:00,147.20361809172744
2023-07-13 09:00:00,159.25686026926263
2023-07-13 10:00:00,161.9993287200819
2023-07-13 11:00:00,173.5529809760758
2023-07-13 12:00:00,182.82685027859378
2023-07-13 13:00:00,181.92547862888125
2023-07-13 14:00:00,185.93155339248722
2023-07-13 15:00:00,189.14908216453745
2023-07-13 16:00:00,182.3854716593889
2023-07-13 17:00:00,167.37288306550028
2023-07-13 18:00:00,149.1029951179953
2023-07-13 19:00:00,140.68095463277353
2023-07-13 20:00:00,123.23350098949331
2023-07-13 21:00:00,110.62179793135786
2023-07-13 22:00:00,108.81414207866706
2023-07-13 23:00:00,106.79286711033757
2023-07-14 00:00:00,99.2479719122817
2023-07-14 01:00:00,95.78984647120116
2023-07-14 02:00:00,93.30420842569302
2023-07-14 03:00:00,90.40335077020913
2023-07-14 04:00:00,89.86425819297877
2023-07-14 05:00:00,92.75769966346782
2023-07-14 06:00:00,108.07215267794909
2023-07-14 07:00:00,136.59136701395911
2023-07-14 08:00:00,139.97506135358526
2023-07-14 09:00:00,142.42017360158516
2023-07-14 10:00:00,149.85451865583687
2023-07-14 11:00:00,158.31180162784526
2023-07-14 12:00:00,160.7807554679797
2023-07-14 13:00:00,168.3643408685406
2023-07-14 14:00:00,166.26433910415255
2023-07-14 15:00:00,166.69904560003164
2023-07-14 16:00:00,165.1634814608847
2023-07-14 17:00:00,160.92345907027
2023-07-14 18:00:00,148.513691162577
2023-07-14 19:00:00,138.1920149223771
2023-07-14 20:00:00,116.06049299659138
2023-07-14 21:00:00,109.96382093035749
2023-07-14 22:00:00,106.73573078535614
2023-07-14 23:00:00,106.48944505219802
2023-07-15 00:00:00,96.67140023820203
2023-07-15 01:00:00,92.43919734652393
2023-07-15 02:00:00,87.67951435687037
2023-07-15 03:00:00,83.4307482920605
2023-07-15 04:00:00,80.54376120793951
2023-07-15 05:00:00,80.88698403318033
2023-07-15 06:00:00,82.2383083041238
2023-07-15 07:00:00,97.66745604768667
2023-07-15 08:00:00,108.09070538407612
2023-07-15 09:00:00,115.92440658852128
2023-07-15 10:00:00,117.06395948443472
2023-07-15 11:00:00,122.39477371885017
2023-07-15 12:00:00,130.3243334773467
2023-07-15 13:00:00,137.25469118993013
2023-07-15 14:00:00,145.91600031558838
2023-07-15 15:00:00,155.4913455496245
2023-07-15 16:00:00,160.19333111770476
2023-07-15 17:00:00,156.46805459947407
2023-07-15 18:00:00,141.64660379747897
2023-07-15 19:00:00,134.10648631586932
2023-07-15 20:00:00,113.19249661238182
2023-07-15 21:00:00,107.29850360736204
2023-07-15 22:00:00,100.45479755170456
2023-07-15 23:00:00,91.23203256488067
2023-07-16 00:00:00,83.09684672405756
2023-07-16 01:00:00,77.11271707039346
2023-07-16 02:00:00,76.59701963893973
2023-07-16 03:00:00,78.28424080676744
2023-07-16 04:00:00,78.52218666392783
2023-07-16 05:00:00,82.10160485160385
2023-07-16 06:00:00,81.41915493711322
2023-07-16 07:00:00,83.17159452558684
2023-07-16 08:00:00,88.09829227698756
2023-07-16 09:00:00,98.50891068491757
2023-07-16 10:00:00,108.47758480273188
2023-07-16 11:00:00,118.15579916921513
2023-07-16 12:00:00,126.80990685545189
2023-07-16 13:00:00,134.12741926741745
2023-07-16 14:00:00,134.7962296632014
2023-07-16 15:00:00,136.33328714848435
2023-07-16 16:00:00,138.64909775651304
2023-07-16 17:00:00,135.3008322700039
2023-07-16 18:00:00,126.81346123921716
2023-07-16 19:00:00,128.83296311785443
2023-07-16 20:00:00,112.25119192411974
2023-07-16 21:00:00,104.69305187349417
2023-07-16 22:00:00,98.50276225349224
2023-07-16 23:00:00,90.507160245107
2023-07-17 00:00:00,88.43674429462733
2023-07-17 01:00:00,85.47731151900481
2023-07-17 02:00:00,82.94995070780566
2023-07-17 03:00:00,82.4599908619535
2023-07-17 04:00:00,83.48500878054547
2023-07-17 05:00:00,91.98287494357409
2023-07-17 06:00:00,108.15406169134522
2023-07-17 07:00:00,129.37136974946273
2023-07-17 08:00:00,136.0567362529056
2023-07-17 09:00:00,137.73857879048987
2023-07-17 10:00:00,139.1977937660844
2023-07-17 11:00:00,145.3291200255945
2023-07-17 12:00:00,155.3034443339128
2023-07-17 13:00:00,162.39052979916124
2023-07-17 14:00:00,163.54786017002064
2023-07-17 15:00:00,167.71350914837976
2023-07-17 16:00:00,167.11593075601957
2023-07-17 17:00:00,154.29641392759288
2023-07-17 18:00:00,141.56126309701543
2023-07-17 19:00:00,126.5464302017476
2023-07-17 20:00:00,111.51151505764729
2023-07-17 21:00:00,109.88300060715146
2023-07-17 22:00:00,109.5698355408717
2023-07-17 23:00:00,107.76566267464885
2023-07-18 00:00:00,96.83198355185722
2023-07-18 01:00:00,90.338747991573
2023-07-18 02:00:00,88.42463148331005
2023-07-18 03:00:00,87.98585304173433
2023-07-18 04:00:00,90.09914032993069
2023-07-18 05:00:00,95.60401714268244
2023-07-18 06:00:00,112.12949082262848
2023-07-18 07:00:00,136.97281334514344
2023-07-18 08:00:00,135.2148147880806
2023-07-18 09:00:00,135.4441213683274
2023-07-18 10:00:00,138.22904110429172
2023-07-18 11:00:00,144.90518003838355
2023-07-18 12:00:00,146.7447571909014
2023-07-18 13:00:00,155.72356558761476
2023-07-18 14:00:00,164.46903513979632
2023-07-18 15:00:00,167.87590891968756
2023-07-18 16:00:00,165.5503044014029
2023-07-18 17:00:00,158.546915181228
2023-07-18 18:00:00,143.56463057644763
2023-07-18 19:00:00,128.3123357291942
2023-07-18 20:00:00,110.1566467526843
2023-07-18 21:00:00,111.8298035906683
2023-07-18 22:00:00,111.88578989616758
2023-07-18 23:00:00,107.0757315797375
2023-07-19 00:00:00,95.55596214124789
2023-07-19 01:00:00,91.45512376915082
2023-07-19 02:00:00,89.10887272457735
2023-07-19 03:00:00,87.87505004380952
2023-07-19 04:00:00,88.33271442712477
2023-07-19 05:00:00,95.96435213662488
2023-07-19 06:00:00,114.1307673076217
2023-07-19 07:00:00,134.59345886032372
2023-07-19 08:00:00,135.28154785529094
2023-07-19 09:00:00,134.2777677305321
2023-07-19 10:00:00,133.94695401279006
2023-07-19 11:00:00,138.6120364838465
2023-07-19 12:00:00,143.32292993137932
2023-07-19 13:00:00,152.55993921389268
2023-07-19 14:00:00,159.8632795759053
2023-07-19 15:00:00,162.77345672794945
2023-07-19 16:00:00,165.44186711908443
2023-07-19 17:00:00,157.909305709386
2023-07-19 18:00:00,145.9659468069936
2023-07-19 19:00:00,132.02333241957976
2023-07-19 20:00:00,111.863433252024
2023-07-19 21:00:00,109.23374345237124
2023-07-19 22:00:00,108.73051029714502
2023-07-19 23:00:00,105.34630139418735
2023-07-20 00:00:00,102.04430279927918
2023-07-20 01:00:00,98.61717330663222
2023-07-20 02:00:00,94.41335112608466
2023-07-20 03:00:00,92.80119937648628
2023-07-20 04:00:00,91.8738423655798
2023-07-20 05:00:00,99.46279321919205
2023-07-20 06:00:00,113.57269131712819
2023-07-20 07:00:00,138.49567915559712
2023-07-20 08:00:00,143.22358738593496
2023-07-20 09:00:00,141.95410510101357
2023-07-20 10:00:00,140.32233440798757
2023-07-20 11:00:00,139.8578351625335
2023-07-20 12:00:00,144.4764504159284
2023-07-20 13:00:00,149.04931242442046
2023-07-20 14:00:00,152.51566531340205
2023-07-20 15:00:00,155.94136172411464
2023-07-20 16:00:00,158.5856029956286
2023-07-20 17:00:00,150.38789620822652
2023-07-20 18:00:00,142.38132801717487
2023-07-20 19:00:00,134.18791519759657
2023-07-20 20:00:00,114.2515306104786
2023-07-20 21:00:00,110.76420955988361
2023-07-20 22:00:00,106.88527454414562
2023-07-20 23:00:00,108.77735081605067
2023-07-21 00:00:00,101.92503223249545
2023-07-21 01:00:00,102.6507464037519
2023-07-21 02:00:00,100.74312041564077
2023-07-21 03:00:00,98.65466331555795
2023-07-21 04:00:00,97.43451326877525
2023-07-21 05:00:00,101.32971747400293
2023-07-21 06:00:00,116.57981842096973
2023-07-21 07:00:00,131.68164535390977
2023-07-21 08:00:00,131.87046670064242
2023-07-21 09:00:00,130.8065440123689
2023-07-21 10:00:00,129.61827377215408
2023-07-21 11:00:00,132.15839446998336
2023-07-21 12:00:00,134.54458356566573
2023-07-21 13:00:00,136.82051397289104
2023-07-21 14:00:00,134.28445215973207
2023-07-21 15:00:00,136.7416826657026
2023-07-21 16:00:00,137.1828235070783
2023-07-21 17:00:00,134.77369849456335
2023-07-21 18:00:00,130.22229663792692
2023-07-21 19:00:00,124.15842010040906
2023-07-21 20:00:00,110.6173471073228
2023-07-21 21:00:00,110.28225002472873
2023-07-21 22:00:00,109.7619354804913
2023-07-21 23:00:00,108.86293930504671
2023-07-22 00:00:00,96.88189750109693
2023-07-22 01:00:00,92.23712102900235
2023-07-22 02:00:00,88.84167165652111
2023-07-22 03:00:00,88.07676878072171
2023-07-22 04:00:00,87.378185182901
2023-07-22 05:00:00,88.39703271644291
2023-07-22 06:00:00,95.09349419306218
2023-07-22 07:00:00,101.36781347665311
2023-07-22 08:00:00,110.35925773678107
2023-07-22 09:00:00,117.94354286947654
2023-07-22 10:00:00,117.36756603276335
2023-07-22 11:00:00,114.07468514192583
2023-07-22 12:00:00,119.56501797468493
2023-07-22 13:00:00,123.03341091519049
2023-07-22 14:00:00,122.57683418337683
2023-07-22 15:00:00,125.43380704390718
2023-07-22 16:00:00,128.18155098266809
2023-07-22 17:00:00,125.38770825937031
2023-07-22 18:00:00,120.26824199194024
2023-07-22 19:00:00,112.76001800186233
2023-07-22 20:00:00,108.35786585093022
2023-07-22 21:00:00,106.09367715970868
2023-07-22 22:00:00,100.3973336375646
2023-07-22 23:00:00,94.73779484400993
2023-07-23 00:00:00,89.72780618283802
2023-07-23 01:00:00,82.87342508533382
2023-07-23 02:00:00,81.56110652810422
2023-07-23 03:00:00,79.50990467225691
2023-07-23 04:00:00,79.59130187513252
2023-07-23 05:00:00,83.69976484950462
2023-07-23 06:00:00,87.20056515558157
2023-07-23 07:00:00,87.34731102257824
2023-07-23 08:00:00,91.49075881885967
2023-07-23 09:00:00,97.55394745198919
2023-07-23 10:00:00,105.86614354042767
2023-07-23 11:00:00,108.31506256771026
2023-07-23 12:00:00,117.71239539889818
2023-07-23 13:00:00,118.87031000168079
2023-07-23 14:00:00,117.99549332819097
2023-07-23 15:00:00,120.52173298028947
2023-07-23 16:00:00,122.12228954615433
2023-07-23 17:00:00,118.54417571506794
2023-07-23 18:00:00,115.63459354128096
2023-07-23 19:00:00,110.29316143570078
2023-07-23 20:00:00,107.15942676227148
2023-07-23 21:00:00,105.48518268246866
2023-07-23 22:00:00,101.17972107183488
2023-07-23 23:00:00,96.68211328717865
2023-07-24 00:00:00,92.32353998572486
2023-07-24 01:00:00,91.52557960845293
2023-07-24 02:00:00,92.51147394308522
2023-07-24 03:00:00,93.57357939831047
2023-07-24 04:00:00,94.35838960857679
2023-07-24 05:00:00,101.25837334133013
2023-07-24 06:00:00,113.5901263466186
2023-07-24 07:00:00,135.7887257165326
2023-07-24 08:00:00,140.99119361381696
2023-07-24 09:00:00,144.41690728962763
2023-07-24 10:00:00,148.026906784191
2023-07-24 11:00:00,153.6842568838124
2023-07-24 12:00:00,155.7117127809177
2023-07-24 13:00:00,155.83475050197052
2023-07-24 14:00:00,152.91959669901294
2023-07-24 15:00:00,154.563983471721
2023-07-24 16:00:00,148.02283702103017
2023-07-24 17:00:00,139.6790235089479
2023-07-24 18:00:00,131.7268214493963
2023-07-24 19:00:00,120.84324706587566
2023-07-24 20:00:00,106.69363319224682
2023-07-24 21:00:00,106.8443753277596
2023-07-24 22:00:00,105.84706184128495
2023-07-24 23:00:00,106.75558604535937
2023-07-25 00:00:00,102.94975784630043
2023-07-25 01:00:00,99.18565252249239
2023-07-25 02:00:00,98.62833290570018
2023-07-25 03:00:00,98.7447870342916
2023-07-25 04:00:00,98.70335062110014
2023-07-25 05:00:00,104.52286762411089
2023-07-25 06:00:00,116.81119872166558
2023-07-25 07:00:00,133.18825341918844
2023-07-25 08:00:00,137.5843977013296
2023-07-25 09:00:00,144.1337462762181
2023-07-25 10:00:00,147.86994396042854
2023-07-25 11:00:00,152.60397827484928
2023-07-25 12:00:00,153.5187716002459
2023-07-25 13:00:00,157.8392209688833
2023-07-25 14:00:00,154.89852001705975
2023-07-25 15:00:00,156.6287730007283
2023-07-25 16:00:00,151.03568580207184
2023-07-25 17:00:00,141.55030787888896
2023-07-25 18:00:00,130.88964740769913
2023-07-25 19:00:00,120.84051315414227
2023-07-25 20:00:00,107.4608381813286
2023-07-25 21:00:00,108.2703103610199
2023-07-25 22:00:00,109.64985512919779
2023-07-25 23:00:00,110.71280283044625
2023-07-26 00:00:00,108.16086729434767
2023-07-26 01:00:00,103.2809823050775
2023-07-26 02:00:00,102.37246200863599
2023-07-26 03:00:00,103.21366379856143
2023-07-26 04:00:00,101.55174776460233
2023-07-26 05:00:00,108.38408163137954
2023-07-26 06:00:00,119.32240164809375
2023-07-26 07:00:00,134.6342543520396
2023-07-26 08:00:00,136.30138456971295
2023-07-26 09:00:00,140.69887713938544
2023-07-26 10:00:00,144.76128909705375
2023-07-26 11:00:00,148.30564796614254
2023-07-26 12:00:00,149.9754905575642
2023-07-26 13:00:00,152.51099454400406
2023-07-26 14:00:00,153.6197975649153
2023-07-26 15:00:00,159.24293000403708
2023-07-26 16:00:00,151.23012945570403
2023-07-26 17:00:00,139.91384716099842
2023-07-26 18:00:00,129.6424685462602
2023-07-26 19:00:00,118.24677137192778
2023-07-26 20:00:00,105.9477311407473
2023-07-26 21:00:00,103.22964285061468
2023-07-26 22:00:00,99.41620675730415
2023-07-26 23:00:00,96.8244103983593
2023-07-27 00:00:00,98.96575394416402
2023-07-27 01:00:00,97.95783830693114
2023-07-27 02:00:00,97.55395593454706
2023-07-27 03:00:00,100.53692658828818
2023-07-27 04:00:00,97.3579312853049
2023-07-27 05:00:00,106.1096541021259
2023-07-27 06:00:00,115.95385413821596
2023-07-27 07:00:00,134.2708402321043
2023-07-27 08:00:00,135.10899800829728
2023-07-27 09:00:00,135.27802491494515
2023-07-27 10:00:00,136.03435540864146
2023-07-27 11:00:00,140.11307337788392
2023-07-27 12:00:00,146.6833802113911
2023-07-27 13:00:00,154.26988565988418
2023-07-27 14:00:00,156.90912953388374
2023-07-27 15:00:00,157.3082275522747
2023-07-27 16:00:00,154.27498043229497
2023-07-27 17:00:00,145.24602251499823
2023-07-27 18:00:00,137.5913124063975
2023-07-27 19:00:00,122.79236505044676
2023-07-27 20:00:00,109.62323853981752
2023-07-27 21:00:00,106.33313646558841
2023-07-27 22:00:00,103.96699571702656
2023-07-27 23:00:00,104.31109045476131
2023-07-28 00:00:00,98.01815372217251
2023-07-28 01:00:00,96.98856100709092
2023-07-28 02:00:00,100.26022161895543
2023-07-28 03:00:00,100.60497866169858
2023-07-28 04:00:00,101.20254714127405
2023-07-28 05:00:00,107.1831791655353
2023-07-28 06:00:00,117.06623484230293
2023-07-28 07:00:00,130.61470553257917
2023-07-28 08:00:00,133.09217026507437
2023-07-28 09:00:00,134.28972485064125
2023-07-28 10:00:00,130.04300180123047
2023-07-28 11:00:00,129.3405336042882
2023-07-28 12:00:00,132.09693739889153
2023-07-28 13:00:00,136.63950370622192
2023-07-28 14:00:00,135.59370807182063
2023-07-28 15:00:00,135.66300546272757
2023-07-28 16:00:00,133.64339778709964
2023-07-28 17:00:00,127.67419195023952
2023-07-28 18:00:00,124.4279731540584
2023-07-28 19:00:00,116.43853834126868
2023-07-28 20:00:00,110.45861438706187
2023-07-28 21:00:00,109.80605660485782
2023-07-28 22:00:00,106.92871920797964
2023-07-28 23:00:00,105.59792138567663
2023-07-29 00:00:00,97.94996140096822
2023-07-29 01:00:00,97.96734420575478
2023-07-29 02:00:00,98.37071731120666
2023-07-29 03:00:00,97.41832606445449
2023-07-29 04:00:00,95.51316142188134
2023-07-29 05:00:00,96.10051095428068
2023-07-29 06:00:00,99.96482152254674
2023-07-29 07:00:00,111.15634531150577
2023-07-29 08:00:00,121.8406858073264
2023-07-29 09:00:00,118.53112177664971
2023-07-29 10:00:00,114.18452135362341
2023-07-29 11:00:00,114.95028707108003
2023-07-29 12:00:00,118.42298032912103
2023-07-29 13:00:00,124.28569924029752
2023-07-29 14:00:00,126.88070050297748
2023-07-29 15:00:00,130.04670055364303
2023-07-29 16:00:00,130.1014994408914
2023-07-29 17:00:00,121.10616243078846
2023-07-29 18:00:00,112.1597446977456
2023-07-29 19:00:00,111.56105889080463
2023-07-29 20:00:00,106.45430218258561
2023-07-29 21:00:00,105.48565531569719
2023-07-29 22:00:00,100.39665090596206
2023-07-29 23:00:00,92.06510407543188
2023-07-30 00:00:00,84.86438142828241
2023-07-30 01:00:00,78.53783379668099
2023-07-30 02:00:00,78.95269216880584
2023-07-30 03:00:00,80.49049161681647
2023-07-30 04:00:00,80.33707715489497
2023-07-30 05:00:00,84.23057280807546
2023-07-30 06:00:00,89.34737565660603
2023-07-30 07:00:00,93.40520570244568
2023-07-30 08:00:00,97.24206752251233
2023-07-30 09:00:00,102.47222307305765
2023-07-30 10:00:00,107.67975470424028
2023-07-30 11:00:00,116.68763001844562
2023-07-30 12:00:00,119.92293787570381
2023-07-30 13:00:00,123.19983422616497
2023-07-30 14:00:00,127.95654655855387
2023-07-30 15:00:00,133.38656801832963
2023-07-30 16:00:00,132.14170555625236
2023-07-30 17:00:00,119.20756302865472
2023-07-30 18:00:00,107.18873906495162
2023-07-30 19:00:00,101.86218403237969
2023-07-30 20:00:00,93.59307795344805
2023-07-30 21:00:00,84.17409334029581
2023-07-30 22:00:00,72.27879908448524
2023-07-30 23:00:00,71.42236712288542
2023-07-31 00:00:00,71.02806294226548
2023-07-31 01:00:00,75.55178131628814
2023-07-31 02:00:00,75.78050065754292
2023-07-31 03:00:00,81.0647854994439
2023-07-31 04:00:00,84.860714414102
2023-07-31 05:00:00,93.8310612946382
2023-07-31 06:00:00,110.26315183995484
2023-07-31 07:00:00,139.2464863399627
2023-07-31 08:00:00,151.08051702942294
2023-07-31 09:00:00,163.05926046218778
2023-07-31 10:00:00,160.75374841787976
2023-07-31 11:00:00,158.39728019271183
2023-07-31 12:00:00,152.94417627530447
2023-07-31 13:00:00,154.07819254869977
2023-07-31 14:00:00,154.1552666295483
2023-07-31 15:00:00,158.47418317950078
2023-07-31 16:00:00,152.73179048980003
2023-07-31 17:00:00,143.88256456751336
2023-07-31 18:00:00,135.17746878515047
2023-07-31 19:00:00,124.32158034925341
2023-07-31 20:00:00,107.55744949091087
2023-07-31 21:00:00,103.46584951984634
2023-07-31 22:00:00,94.83134498893688
2023-07-31 23:00:00,86.98658442843613
2023-08-01 00:00:00,83.56805571160011
2023-08-01 01:00:00,85.23666320401212
2023-08-01 02:00:00,86.73962058810442
2023-08-01 03:00:00,89.22459487333462
2023-08-01 04:00:00,91.1921176347989
2023-08-01 05:00:00,97.10452056463984
2023-08-01 06:00:00,113.8769050938546
2023-08-01 07:00:00,140.6727927274323
2023-08-01 08:00:00,153.68132826184805
2023-08-01 09:00:00,164.5918440903562
2023-08-01 10:00:00,163.45090036068467
2023-08-01 11:00:00,161.0782761199463
2023-08-01 12:00:00,158.18736358912784
2023-08-01 13:00:00,157.15366213971387
2023-08-01 14:00:00,160.72310324159486
2023-08-01 15:00:00,161.88366942289338
2023-08-01 16:00:00,154.32588246474162
2023-08-01 17:00:00,146.3158824338558
2023-08-01 18:00:00,137.6652368652365
2023-08-01 19:00:00,124.91287878056428
2023-08-01 20:00:00,112.4436522216513
2023-08-01 21:00:00,111.08619003435902
2023-08-01 22:00:00,106.2135415848385
2023-08-01 23:00:00,103.93820013477594
2023-08-02 00:00:00,102.00693229952056
2023-08-02 01:00:00,100.85521763517916
2023-08-02 02:00:00,104.30931334281318
2023-08-02 03:00:00,101.08058079434862
2023-08-02 04:00:00,101.0820038323043
2023-08-02 05:00:00,108.94221985392149
2023-08-02 06:00:00,120.9866786369945
2023-08-02 07:00:00,135.54665586196438
2023-08-02 08:00:00,141.55920251940947
2023-08-02 09:00:00,153.38603835331298
2023-08-02 10:00:00,162.0222895935701
2023-08-02 11:00:00,167.5134199542157
2023-08-02 12:00:00,162.29280789131906
2023-08-02 13:00:00,162.44860747085738
2023-08-02 14:00:00,159.0453097787007
2023-08-02 15:00:00,159.21660100821455
2023-08-02 16:00:00,156.06813381029625
2023-08-02 17:00:00,142.23654376619936
2023-08-02 18:00:00,137.51049848535195
2023-08-02 19:00:00,124.50636400583006
2023-08-02 20:00:00,114.0667087612672
2023-08-02 21:00:00,113.01482362261156
2023-08-02 22:00:00,109.68623086480476
2023-08-02 23:00:00,110.34847345808494
2023-08-03 00:00:00,108.77053148726417
2023-08-03 01:00:00,105.86870171644456
2023-08-03 02:00:00,105.46269799843053
2023-08-03 03:00:00,104.60207052092194
2023-08-03 04:00:00,104.09673406788333
2023-08-03 05:00:00,108.13674118461479
2023-08-03 06:00:00,121.9537121105716
2023-08-03 07:00:00,138.64317139979033
2023-08-03 08:00:00,148.89593297526102
2023-08-03 09:00:00,156.48728027935218
2023-08-03 10:00:00,157.88813623926112
2023-08-03 11:00:00,160.02294340760085
2023-08-03 12:00:00,160.9900223654703
2023-08-03 13:00:00,164.6736532844568
2023-08-03 14:00:00,158.10857763228543
2023-08-03 15:00:00,155.2370286775133
2023-08-03 16:00:00,153.53299118206988
2023-08-03 17:00:00,146.20559389902107
2023-08-03 18:00:00,139.0085673302062
2023-08-03 19:00:00,127.8046727346975
2023-08-03 20:00:00,113.26249732151595
2023-08-03 21:00:00,112.5647900895541
2023-08-03 22:00:00,113.63360925304912
2023-08-03 23:00:00,111.57574606920011
2023-08-04 00:00:00,109.56473071769378
2023-08-04 01:00:00,108.09805269648498
2023-08-04 02:00:00,107.63959277551521
2023-08-04 03:00:00,106.4835784418079
2023-08-04 04:00:00,104.15854959334902
2023-08-04 05:00:00,107.56208833917502
2023-08-04 06:00:00,119.55139155946149
2023-08-04 07:00:00,129.94160130493322
2023-08-04 08:00:00,134.31330165488907
2023-08-04 09:00:00,135.58433324166575
2023-08-04 10:00:00,135.6040349911216
2023-08-04 11:00:00,135.22310265984723
2023-08-04 12:00:00,140.70921994584694
2023-08-04 13:00:00,147.9409670008524
2023-08-04 14:00:00,145.95019095180461
2023-08-04 15:00:00,146.98949628219555
2023-08-04 16:00:00,143.47096431541888
2023-08-04 17:00:00,138.86594149592614
2023-08-04 18:00:00,133.7157644936685
2023-08-04 19:00:00,125.63058153398464
2023-08-04 20:00:00,114.25951456643621
2023-08-04 21:00:00,114.31699862206678
2023-08-04 22:00:00,113.97122538505782
2023-08-04 23:00:00,111.44701364980966
2023-08-05 00:00:00,102.68163365172205
2023-08-05 01:00:00,98.06134221436818
2023-08-05 02:00:00,97.40613785050073
2023-08-05 03:00:00,93.80148727585674
2023-08-05 04:00:00,89.16183718819597
2023-08-05 05:00:00,88.59791699404174
2023-08-05 06:00:00,94.36559774846513
2023-08-05 07:00:00,100.95151380009584
2023-08-05 08:00:00,112.60279045120726
2023-08-05 09:00:00,121.01291215298251
2023-08-05 10:00:00,118.74927872300901
2023-08-05 11:00:00,121.28774651517801
2023-08-05 12:00:00,126.41698091808561
2023-08-05 13:00:00,131.05467087557258
2023-08-05 14:00:00,128.75884678530352
2023-08-05 15:00:00,129.570770120652
2023-08-05 16:00:00,131.64192105735296
2023-08-05 17:00:00,124.33734161037039
2023-08-05 18:00:00,117.18325163734552
2023-08-05 19:00:00,113.30812617481084
2023-08-05 20:00:00,109.15827034856302
2023-08-05 21:00:00,108.49579808941839
2023-08-05 22:00:00,107.60060140469741
2023-08-05 23:00:00,104.11566130593273
2023-08-06 00:00:00,94.22549999452647
2023-08-06 01:00:00,88.18434854681402
2023-08-06 02:00:00,87.4563196737794
2023-08-06 03:00:00,83.6356171327871
2023-08-06 04:00:00,82.28583567059117
2023-08-06 05:00:00,84.31690743731315
2023-08-06 06:00:00,86.5721951351524
2023-08-06 07:00:00,89.83641294056045
2023-08-06 08:00:00,97.74016090194984
2023-08-06 09:00:00,106.58243371244463
2023-08-06 10:00:00,111.6455602049362
2023-08-06 11:00:00,115.35277234521502
2023-08-06 12:00:00,117.94663229906637
2023-08-06 13:00:00,122.51106066921601
2023-08-06 14:00:00,122.79430881273287
2023-08-06 15:00:00,128.37931798598353
2023-08-06 16:00:00,130.91900099165568
2023-08-06 17:00:00,120.7566875603825
2023-08-06 18:00:00,116.65738761703753
2023-08-06 19:00:00,111.16407999217796
2023-08-06 20:00:00,105.91761630435218
2023-08-06 21:00:00,104.84024099631667
2023-08-06 22:00:00,99.9331998856213
2023-08-06 23:00:00,93.85938445253903
2023-08-07 00:00:00,94.86062965242691
2023-08-07 01:00:00,91.6994602201721
2023-08-07 02:00:00,89.24821921156953
2023-08-07 03:00:00,87.02547694103366
2023-08-07 04:00:00,83.44880743382106
2023-08-07 05:00:00,88.70592402959346
2023-08-07 06:00:00,104.18364784030736
2023-08-07 07:00:00,129.59520474636824
2023-08-07 08:00:00,142.10538562001622
2023-08-07 09:00:00,158.18754644916388
2023-08-07 10:00:00,166.39082647946466
2023-08-07 11:00:00,178.87592809121597
2023-08-07 12:00:00,180.53245533734312
2023-08-07 13:00:00,179.6539428050028
2023-08-07 14:00:00,179.4534080206744
2023-08-07 15:00:00,184.5558775892823
2023-08-07 16:00:00,190.71532397438477
2023-08-07 17:00:00,183.49201243037805
2023-08-07 18:00:00,171.53368108611835
2023-08-07 19:00:00,156.51460700306887
2023-08-07 20:00:00,134.5244473184947
2023-08-07 21:00:00,116.5236065950524
2023-08-07 22:00:00,111.29158154023335
2023-08-07 23:00:00,108.10220854537313
2023-08-08 00:00:00,104.08716700696115
2023-08-08 01:00:00,96.45126411676144
2023-08-08 02:00:00,90.45107974035405
2023-08-08 03:00:00,85.2458359859483
2023-08-08 04:00:00,86.32732520409093
2023-08-08 05:00:00,91.87957693413786
2023-08-08 06:00:00,110.82091120679804
2023-08-08 07:00:00,145.03306351304332
2023-08-08 08:00:00,146.84628615508794
2023-08-08 09:00:00,152.34944785971746
2023-08-08 10:00:00,156.54636510057708
2023-08-08 11:00:00,161.67298147910708
2023-08-08 12:00:00,164.3980925537672
2023-08-08 13:00:00,166.71072646993466
2023-08-08 14:00:00,168.52901855665365
2023-08-08 15:00:00,166.95870133806264
2023-08-08 16:00:00,162.47823327446474
2023-08-08 17:00:00,162.263415120936
2023-08-08 18:00:00,162.61283644556892
2023-08-08 19:00:00,161.51796032944793
2023-08-08 20:00:00,149.90015530266896
2023-08-08 21:00:00,141.09596499355004
2023-08-08 22:00:00,125.95841899362483
2023-08-08 23:00:00,106.99569552355828
2023-08-09 00:00:00,101.65518847495373
2023-08-09 01:00:00,100.68780468718212
2023-08-09 02:00:00,100.7796535843482
2023-08-09 03:00:00,96.56644069743808
2023-08-09 04:00:00,94.83917491548318
2023-08-09 05:00:00,96.48186347143687
2023-08-09 06:00:00,111.8870013521862
2023-08-09 07:00:00,138.2825115672088
2023-08-09 08:00:00,146.44405063481187
2023-08-09 09:00:00,155.69144547924623
2023-08-09 10:00:00,162.50038467880628
2023-08-09 11:00:00,172.1999304960617
2023-08-09 12:00:00,170.57245390349533
2023-08-09 13:00:00,172.6099514405248
2023-08-09 14:00:00,171.74241749034087
2023-08-09 15:00:00,175.08646942208432
2023-08-09 16:00:00,183.07699756847285
2023-08-09 17:00:00,178.83925639662155
2023-08-09 18:00:00,173.48423476390786
2023-08-09 19:00:00,173.13740726386828
2023-08-09 20:00:00,148.6752431879069
2023-08-09 21:00:00,144.02799539281486
2023-08-09 22:00:00,135.78580714702673
2023-08-09 23:00:00,123.48807738091095
2023-08-10 00:00:00,115.38952774807768
2023-08-10 01:00:00,105.33963941449169
2023-08-10 02:00:00,103.83651233181234
2023-08-10 03:00:00,103.06500724612275
2023-08-10 04:00:00,100.43521998646663
2023-08-10 05:00:00,105.32678770022443
2023-08-10 06:00:00,115.7011568193569
2023-08-10 07:00:00,135.8185359697599
2023-08-10 08:00:00,141.27401713764326
2023-08-10 09:00:00,148.20652569397362
2023-08-10 10:00:00,155.64353386935915
2023-08-10 11:00:00,163.82958622003324
2023-08-10 12:00:00,167.03244488884164
2023-08-10 13:00:00,163.90325255828196
2023-08-10 14:00:00,163.27866964473023
2023-08-10 15:00:00,163.47906957488837
2023-08-10 16:00:00,163.21260350022405
2023-08-10 17:00:00,161.7167234811281
2023-08-10 18:00:00,160.47132675485776
2023-08-10 19:00:00,155.63372098546049
2023-08-10 20:00:00,139.367911883308
2023-08-10 21:00:00,132.61252934075722
2023-08-10 22:00:00,125.22836058641653
2023-08-10 23:00:00,113.88437014528328
2023-08-11 00:00:00,105.20416259035221
2023-08-11 01:00:00,101.6137135219489
2023-08-11 02:00:00,102.43113074362742
2023-08-11 03:00:00,101.67249354445302
2023-08-11 04:00:00,100.62650826007705
2023-08-11 05:00:00,105.58354739306174
2023-08-11 06:00:00,116.30476757256943
2023-08-11 07:00:00,134.08223915664544
2023-08-11 08:00:00,134.31391580032027
2023-08-11 09:00:00,134.1503523276119
2023-08-11 10:00:00,133.80196785136053
2023-08-11 11:00:00,140.69235770656243
2023-08-11 12:00:00,150.09153837597447
2023-08-11 13:00:00,161.49489526948108
2023-08-11 14:00:00,166.29300513604474
2023-08-11 15:00:00,166.50989487097556
2023-08-11 16:00:00,164.6207332258408
2023-08-11 17:00:00,161.8282431822308
2023-08-11 18:00:00,154.30841636257594
2023-08-11 19:00:00,148.07782366489917
2023-08-11 20:00:00,132.12819087592544
2023-08-11 21:00:00,125.08864618795975
2023-08-11 22:00:00,116.22971619840315
2023-08-11 23:00:00,112.32803940037901
2023-08-12 00:00:00,101.14651359770772
2023-08-12 01:00:00,97.62160174434365
2023-08-12 02:00:00,96.02144846450106
2023-08-12 03:00:00,91.78302760928051
2023-08-12 04:00:00,87.84481521436477
2023-08-12 05:00:00,89.76496440561357
2023-08-12 06:00:00,95.97667975135916
2023-08-12 07:00:00,102.74751220763612
2023-08-12 08:00:00,109.68945291717388
2023-08-12 09:00:00,115.27272997512037
2023-08-12 10:00:00,114.68960161563133
2023-08-12 11:00:00,117.48263803488273
2023-08-12 12:00:00,121.75328035993111
2023-08-12 13:00:00,128.58271801396722
2023-08-12 14:00:00,132.6798338009667
2023-08-12 15:00:00,134.7009200277468
2023-08-12 16:00:00,138.0788483197007
2023-08-12 17:00:00,140.14750110519913
2023-08-12 18:00:00,133.73704413855717
2023-08-12 19:00:00,126.33932697623004
2023-08-12 20:00:00,123.09370481085011
2023-08-12 21:00:00,115.43704079822571
2023-08-12 22:00:00,112.00776720789963
2023-08-12 23:00:00,106.61654627658864
2023-08-13 00:00:00,94.50982877355491
2023-08-13 01:00:00,89.28965421625338
2023-08-13 02:00:00,85.08774967239364
2023-08-13 03:00:00,80.15883815018785
2023-08-13 04:00:00,78.20395912678782
2023-08-13 05:00:00,82.01211178261134
2023-08-13 06:00:00,86.17849925327589
2023-08-13 07:00:00,89.23050427172205
2023-08-13 08:00:00,92.55587864524449
2023-08-13 09:00:00,98.63297482850676
2023-08-13 10:00:00,106.2750880460833
2023-08-13 11:00:00,114.54879125964067
2023-08-13 12:00:00,121.85949384978936
2023-08-13 13:00:00,126.10106855254956
2023-08-13 14:00:00,128.62935269651567
2023-08-13 15:00:00,133.3186450701156
2023-08-13 16:00:00,136.5811508450547
2023-08-13 17:00:00,133.75796010631328
2023-08-13 18:00:00,129.08556025849947
2023-08-13 19:00:00,119.58225863981593
2023-08-13 20:00:00,114.04059032981031
2023-08-13 21:00:00,110.13970327275221
2023-08-13 22:00:00,104.07070309838701
2023-08-13 23:00:00,94.13431676205018
2023-08-14 00:00:00,86.9663704661818
2023-08-14 01:00:00,80.23705318522349
2023-08-14 02:00:00,81.34343156549934
2023-08-14 03:00:00,81.53512193582308
2023-08-14 04:00:00,80.66486494205131
2023-08-14 05:00:00,91.31274787890624
2023-08-14 06:00:00,107.67366297521514
2023-08-14 07:00:00,136.0254813495507
2023-08-14 08:00:00,149.89376459209927
2023-08-14 09:00:00,167.0045512394412
2023-08-14 10:00:00,162.87451446512247
2023-08-14 11:00:00,160.27718979299271
2023-08-14 12:00:00,159.69406694520066
2023-08-14 13:00:00,162.28273524764876
2023-08-14 14:00:00,167.677075532838
2023-08-14 15:00:00,168.45559618204874
2023-08-14 16:00:00,162.3756554557259
2023-08-14 17:00:00,157.79676989933773
2023-08-14 18:00:00,145.7648826640216
2023-08-14 19:00:00,136.61223395033403
2023-08-14 20:00:00,122.1508103008156
2023-08-14 21:00:00,114.66104381812688
2023-08-14 22:00:00,108.9531619482028
2023-08-14 23:00:00,107.56426904219694
2023-08-15 00:00:00,95.703340542817
2023-08-15 01:00:00,92.02560102272724
2023-08-15 02:00:00,92.52901367964179
2023-08-15 03:00:00,92.74725831164594
2023-08-15 04:00:00,92.28088784996545
2023-08-15 05:00:00,99.0097320540878
2023-08-15 06:00:00,111.33850675727975
2023-08-15 07:00:00,140.99939562491375
2023-08-15 08:00:00,154.33568944380428
2023-08-15 09:00:00,162.396931951118
2023-08-15 10:00:00,167.45472781226005
2023-08-15 11:00:00,170.8725137267207
2023-08-15 12:00:00,170.85041558342866
2023-08-15 13:00:00,179.4188526107245
2023-08-15 14:00:00,188.34181014123584
2023-08-15 15:00:00,190.44548230262293
2023-08-15 16:00:00,188.83962578209523
2023-08-15 17:00:00,183.14741583896642
2023-08-15 18:00:00,174.66171990632805
2023-08-15 19:00:00,164.62553138220284
2023-08-15 20:00:00,144.63048239669632
2023-08-15 21:00:00,132.39032940985732
2023-08-15 22:00:00,116.17338884381164
2023-08-15 23:00:00,109.09905809849002
2023-08-16 00:00:00,96.57656253677854
2023-08-16 01:00:00,91.5660838161086
2023-08-16 02:00:00,91.19977471424465
2023-08-16 03:00:00,87.23015253328681
2023-08-16 04:00:00,85.40972758014988
2023-08-16 05:00:00,92.20589835913346
2023-08-16 06:00:00,112.22103423665503
2023-08-16 07:00:00,143.489640285048
2023-08-16 08:00:00,158.41140657848499
2023-08-16 09:00:00,168.00205341367797
2023-08-16 10:00:00,173.9308049820101
2023-08-16 11:00:00,186.8592409570189
2023-08-16 12:00:00,186.5607671773455
2023-08-16 13:00:00,187.8119477943301
2023-08-16 14:00:00,191.05556009027094
2023-08-16 15:00:00,193.12150922868324
2023-08-16 16:00:00,189.7461456776085
2023-08-16 17:00:00,180.2386195614488
2023-08-16 18:00:00,173.7925423718121
2023-08-16 19:00:00,169.5596716839926
2023-08-16 20:00:00,147.17835421105187
2023-08-16 21:00:00,141.46269754129966
2023-08-16 22:00:00,129.61182101315947
2023-08-16 23:00:00,116.70937335165972
2023-08-17 00:00:00,107.6297995856519
2023-08-17 01:00:00,100.97276056794506
2023-08-17 02:00:00,101.8775873582092
2023-08-17 03:00:00,94.50546313459927
2023-08-17 04:00:00,90.03689268324437
2023-08-17 05:00:00,94.73295842029738
2023-08-17 06:00:00,111.35281485241661
2023-08-17 07:00:00,138.7428623850555
2023-08-17 08:00:00,147.3016889571742
2023-08-17 09:00:00,153.52396769157554
2023-08-17 10:00:00,162.4884167567081
2023-08-17 11:00:00,168.75350276851768
2023-08-17 12:00:00,169.19602258822093
2023-08-17 13:00:00,169.3655659122721
2023-08-17 14:00:00,166.8484665566806
2023-08-17 15:00:00,165.35482335334356
2023-08-17 16:00:00,163.2750939844347
2023-08-17 17:00:00,160.73988043272064
2023-08-17 18:00:00,158.98313470732418
2023-08-17 19:00:00,155.60438993265947
2023-08-17 20:00:00,138.33599728224965
2023-08-17 21:00:00,131.2083063518024
2023-08-17 22:00:00,125.78416615432114
2023-08-17 23:00:00,115.16974886210309
2023-08-18 00:00:00,104.63651224285638
2023-08-18 01:00:00,100.31146201103246
2023-08-18 02:00:00,101.09887408279737
2023-08-18 03:00:00,96.46430008997132
2023-08-18 04:00:00,89.76967359261536
2023-08-18 05:00:00,94.46622530675306
2023-08-18 06:00:00,110.96103927020741
2023-08-18 07:00:00,135.99683402675683
2023-08-18 08:00:00,137.49717327117486
2023-08-18 09:00:00,141.9515215958498
2023-08-18 10:00:00,144.59456864515755
2023-08-18 11:00:00,146.924439868677
2023-08-18 12:00:00,153.17567703407812
2023-08-18 13:00:00,157.48563217135552
2023-08-18 14:00:00,157.7170303611339
2023-08-18 15:00:00,157.17975261046413
2023-08-18 16:00:00,156.2677586267683
2023-08-18 17:00:00,149.3109621547971
2023-08-18 18:00:00,141.38971131813807
2023-08-18 19:00:00,134.1470661996109
2023-08-18 20:00:00,126.72093413092395
2023-08-18 21:00:00,130.13526712891343
2023-08-18 22:00:00,120.09888755240627
2023-08-18 23:00:00,112.40092534476082
2023-08-19 00:00:00,96.10647666120794
2023-08-19 01:00:00,87.58536154986713
2023-08-19 02:00:00,86.00946539170253
2023-08-19 03:00:00,84.12599352183477
2023-08-19 04:00:00,82.32257064980789
2023-08-19 05:00:00,84.7655503590066
2023-08-19 06:00:00,88.21619119105627
2023-08-19 07:00:00,102.4489729967749
2023-08-19 08:00:00,112.7399144886033
2023-08-19 09:00:00,120.98499729308419
2023-08-19 10:00:00,121.72590306519277
2023-08-19 11:00:00,121.13881760293671
2023-08-19 12:00:00,126.26722762188629
2023-08-19 13:00:00,130.96376661080615
2023-08-19 14:00:00,131.24574848966182
2023-08-19 15:00:00,132.28078942659738
2023-08-19 16:00:00,132.44313149285432
2023-08-19 17:00:00,128.62484180734728
2023-08-19 18:00:00,124.8464844979851
2023-08-19 19:00:00,122.37017520649974
2023-08-19 20:00:00,120.7367052412372
2023-08-19 21:00:00,122.52312742741431
2023-08-19 22:00:00,118.72625026204179
2023-08-19 23:00:00,112.09123281506456
2023-08-20 00:00:00,99.35238968264308
2023-08-20 01:00:00,92.8759741758255
2023-08-20 02:00:00,87.92042347598479
2023-08-20 03:00:00,85.09677003614425
2023-08-20 04:00:00,81.53195552839435
2023-08-20 05:00:00,83.43017918163314
2023-08-20 06:00:00,87.21481147476713
2023-08-20 07:00:00,90.67645748377295
2023-08-20 08:00:00,97.88875259086913
2023-08-20 09:00:00,106.2326838587042
2023-08-20 10:00:00,112.14618340746588
2023-08-20 11:00:00,115.18218483531638
2023-08-20 12:00:00,119.12919656175389
2023-08-20 13:00:00,123.79123011675175
2023-08-20 14:00:00,126.01628649152283
2023-08-20 15:00:00,125.02761996344606
2023-08-20 16:00:00,125.74772544393879
2023-08-20 17:00:00,121.24580456736676
2023-08-20 18:00:00,115.13550478665674
2023-08-20 19:00:00,112.69893181307717
2023-08-20 20:00:00,112.71375878069053
2023-08-20 21:00:00,112.87471857507603
2023-08-20 22:00:00,111.7204188543536
2023-08-20 23:00:00,104.76274982584938
2023-08-21 00:00:00,95.53834548755603
2023-08-21 01:00:00,88.19114096259149
2023-08-21 02:00:00,83.93172279583638
2023-08-21 03:00:00,83.33398728796324
2023-08-21 04:00:00,82.31838874401065
2023-08-21 05:00:00,91.1583502576437
2023-08-21 06:00:00,107.19240944599873
2023-08-21 07:00:00,132.7068471440374
2023-08-21 08:00:00,139.9098252983214
2023-08-21 09:00:00,148.44146296589375
2023-08-21 10:00:00,158.41977653840033
2023-08-21 11:00:00,156.45231540253755
2023-08-21 12:00:00,154.82645359732092
2023-08-21 13:00:00,155.81458173240185
2023-08-21 14:00:00,155.43248952148377
2023-08-21 15:00:00,157.65328024523004
2023-08-21 16:00:00,153.82313845710695
2023-08-21 17:00:00,145.90739014152146
2023-08-21 18:00:00,135.68041044012574
2023-08-21 19:00:00,128.53857612465674
2023-08-21 20:00:00,116.26391121641802
2023-08-21 21:00:00,117.35623231755817
2023-08-21 22:00:00,114.47777489405043
2023-08-21 23:00:00,109.85404503921635
2023-08-22 00:00:00,102.00115673700786
2023-08-22 01:00:00,97.34103079779693
2023-08-22 02:00:00,96.88111169709231
2023-08-22 03:00:00,95.53549741621411
2023-08-22 04:00:00,93.42185979698334
2023-08-22 05:00:00,97.3510992938333
2023-08-22 06:00:00,112.23285166417341
2023-08-22 07:00:00,138.08195885404072
2023-08-22 08:00:00,148.6244650746296
2023-08-22 09:00:00,158.75388431970154
2023-08-22 10:00:00,156.96520298811743
2023-08-22 11:00:00,160.35953048948053
2023-08-22 12:00:00,159.70993506591523
2023-08-22 13:00:00,160.2235480641021
2023-08-22 14:00:00,156.00397889006888
2023-08-22 15:00:00,159.13207845161185
2023-08-22 16:00:00,154.77962036560774
2023-08-22 17:00:00,145.7939731688027
2023-08-22 18:00:00,139.48229149464095
2023-08-22 19:00:00,125.04885517022088
2023-08-22 20:00:00,114.36558858479744
2023-08-22 21:00:00,115.86411676014792
2023-08-22 22:00:00,116.29603251907643
2023-08-22 23:00:00,114.69473163254068
2023-08-23 00:00:00,107.9901735236307
2023-08-23 01:00:00,102.29501672041869
2023-08-23 02:00:00,103.40327665400754
2023-08-23 03:00:00,98.06872157962306
2023-08-23 04:00:00,93.84549108374652
2023-08-23 05:00:00,97.20809250786571
2023-08-23 06:00:00,112.55781910869948
2023-08-23 07:00:00,137.34715171174926
2023-08-23 08:00:00,148.0918515988195
2023-08-23 09:00:00,156.35731171155234
2023-08-23 10:00:00,160.14719543339785
2023-08-23 11:00:00,158.43784065917313
2023-08-23 12:00:00,156.94359826906813
2023-08-23 13:00:00,156.53580981869965
2023-08-23 14:00:00,155.1419609667885
2023-08-23 15:00:00,158.7507314280908
2023-08-23 16:00:00,154.50746730046276
2023-08-23 17:00:00,145.255128485049
2023-08-23 18:00:00,137.57517074247087
2023-08-23 19:00:00,125.31415349225716
2023-08-23 20:00:00,110.78412736585399
2023-08-23 21:00:00,112.54731369838223
2023-08-23 22:00:00,115.36358293647821
2023-08-23 23:00:00,111.63840850352634
2023-08-24 00:00:00,106.05916210820041
2023-08-24 01:00:00,101.1758050473605
2023-08-24 02:00:00,102.62951969686372
2023-08-24 03:00:00,101.0708662080837
2023-08-24 04:00:00,100.82355564829047
2023-08-24 05:00:00,106.44367345690343
2023-08-24 06:00:00,115.37809817174492
2023-08-24 07:00:00,136.0108831344002
2023-08-24 08:00:00,141.46350660112142
2023-08-24 09:00:00,144.88771836704365
2023-08-24 10:00:00,151.11900409899042
2023-08-24 11:00:00,153.88537613193523
2023-08-24 12:00:00,155.90573251304184
2023-08-24 13:00:00,157.08505745824968
2023-08-24 14:00:00,155.2166834871241
2023-08-24 15:00:00,157.60882635754245
2023-08-24 16:00:00,155.37892176749102
2023-08-24 17:00:00,145.19727423056864
2023-08-24 18:00:00,138.5224706140725
2023-08-24 19:00:00,125.05433837605612
2023-08-24 20:00:00,107.89137203264929
2023-08-24 21:00:00,107.82136586686796
2023-08-24 22:00:00,107.86927573875593
2023-08-24 23:00:00,107.0377133715376
2023-08-25 00:00:00,102.58050908304529
2023-08-25 01:00:00,99.04246432519467
2023-08-25 02:00:00,98.25207214007773
2023-08-25 03:00:00,100.28282587020196
2023-08-25 04:00:00,100.9535465591183
2023-08-25 05:00:00,107.23658409034341
2023-08-25 06:00:00,116.30996261086437
2023-08-25 07:00:00,132.97889393507404
2023-08-25 08:00:00,135.81380922995356
2023-08-25 09:00:00,136.7577642283566
2023-08-25 10:00:00,136.77269511432831
2023-08-25 11:00:00,134.84745619301196
2023-08-25 12:00:00,138.6235219435215
2023-08-25 13:00:00,144.4399177769173
2023-08-25 14:00:00,146.87953921241441
2023-08-25 15:00:00,152.51809590616946
2023-08-25 16:00:00,147.8825883685827
2023-08-25 17:00:00,140.01401085605906
2023-08-25 18:00:00,132.3185853193238
2023-08-25 19:00:00,118.85735853887475
2023-08-25 20:00:00,107.98296556199293
2023-08-25 21:00:00,104.58464271963857
2023-08-25 22:00:00,102.42491437541668
2023-08-25 23:00:00,99.47198275442643
2023-08-26 00:00:00,94.37582004918225
2023-08-26 01:00:00,89.86723452301439
2023-08-26 02:00:00,88.53452202070915
2023-08-26 03:00:00,85.41972650540062
2023-08-26 04:00:00,82.5207701060618
2023-08-26 05:00:00,84.6985367051678
2023-08-26 06:00:00,90.55846367381328
2023-08-26 07:00:00,99.54954015201419
2023-08-26 08:00:00,112.65809493712146
2023-08-26 09:00:00,122.69579963262414
2023-08-26 10:00:00,122.68839703022194
2023-08-26 11:00:00,121.10200917746657
2023-08-26 12:00:00,126.20726009262408
2023-08-26 13:00:00,131.6438257056967
2023-08-26 14:00:00,131.57959581058307
2023-08-26 15:00:00,132.75462660232748
2023-08-26 16:00:00,133.2623110125072
2023-08-26 17:00:00,130.92189366242386
2023-08-26 18:00:00,120.44615801320818
2023-08-26 19:00:00,112.63070501841011
2023-08-26 20:00:00,103.6283089207612
2023-08-26 21:00:00,97.8903870517025
2023-08-26 22:00:00,88.57697941479636
2023-08-26 23:00:00,79.29809974858057
2023-08-27 00:00:00,76.70641470305856
2023-08-27 01:00:00,73.38448168609212
2023-08-27 02:00:00,71.05393379800513
2023-08-27 03:00:00,69.15639461270109
2023-08-27 04:00:00,67.20767275464983
2023-08-27 05:00:00,71.49952653510708
2023-08-27 06:00:00,76.56151260297453
2023-08-27 07:00:00,83.94974770812712
2023-08-27 08:00:00,93.05598584234461
2023-08-27 09:00:00,102.874528713658
2023-08-27 10:00:00,110.23478768179022
2023-08-27 11:00:00,118.25558137808834
2023-08-27 12:00:00,124.25747465972202
2023-08-27 13:00:00,129.9416317007147
2023-08-27 14:00:00,131.14670337297423
2023-08-27 15:00:00,132.04198068831928
2023-08-27 16:00:00,134.48235737985775
2023-08-27 17:00:00,128.45495568532996
2023-08-27 18:00:00,118.18696568418997
2023-08-27 19:00:00,109.70513553764664
2023-08-27 20:00:00,100.59468069390817
2023-08-27 21:00:00,96.6791543578306
2023-08-27 22:00:00,91.18307772545475
2023-08-27 23:00:00,80.20431325276581
2023-08-28 00:00:00,83.35737312511688
2023-08-28 01:00:00,83.84712188188757
2023-08-28 02:00:00,84.12759482493306
2023-08-28 03:00:00,81.80905327473127
2023-08-28 04:00:00,79.68776930216964
2023-08-28 05:00:00,89.96310278210946
2023-08-28 06:00:00,108.01428202185829
2023-08-28 07:00:00,137.29485764348823
2023-08-28 08:00:00,154.51188717922054
2023-08-28 09:00:00,167.7232944013548
2023-08-28 10:00:00,166.02595422112304
2023-08-28 11:00:00,161.2146922154984
2023-08-28 12:00:00,157.16320023929222
2023-08-28 13:00:00,159.74587716013815
2023-08-28 14:00:00,156.70842140626402
2023-08-28 15:00:00,157.10379839044253
2023-08-28 16:00:00,154.7460984467073
2023-08-28 17:00:00,144.55751956321475
2023-08-28 18:00:00,135.43610968427797
2023-08-28 19:00:00,123.15072885316458
2023-08-28 20:00:00,109.66132466623996
2023-08-28 21:00:00,111.36865498266991
2023-08-28 22:00:00,110.7260257310662
2023-08-28 23:00:00,106.96808792187211
2023-08-29 00:00:00,98.08778116824685
2023-08-29 01:00:00,99.48998989375258
2023-08-29 02:00:00,101.1666269524514
2023-08-29 03:00:00,102.1583826171504
2023-08-29 04:00:00,96.309076596002
2023-08-29 05:00:00,100.81723425306915
2023-08-29 06:00:00,112.81384279369935
2023-08-29 07:00:00,140.67020383847748
2023-08-29 08:00:00,154.52724324619118
2023-08-29 09:00:00,164.5386661285472
2023-08-29 10:00:00,168.31186955251275
2023-08-29 11:00:00,171.53660960670206
2023-08-29 12:00:00,165.8126713346235
2023-08-29 13:00:00,167.5839148502287
2023-08-29 14:00:00,165.88097724974196
2023-08-29 15:00:00,166.90448148518237
2023-08-29 16:00:00,162.8877526029448
2023-08-29 17:00:00,152.91634877271645
2023-08-29 18:00:00,140.67341468908475
2023-08-29 19:00:00,121.68269770886374
2023-08-29 20:00:00,108.55131746486505
2023-08-29 21:00:00,108.79536483553005
2023-08-29 22:00:00,109.1609364039278
2023-08-29 23:00:00,111.82496253396751
2023-08-30 00:00:00,104.44057845573188
2023-08-30 01:00:00,99.39586261180757
2023-08-30 02:00:00,101.2493616070025
2023-08-30 03:00:00,102.36284629010575
2023-08-30 04:00:00,102.15034548825331
2023-08-30 05:00:00,106.5077929996147
2023-08-30 06:00:00,118.82090388646338
2023-08-30 07:00:00,138.11715672801859
2023-08-30 08:00:00,151.03771379372472
2023-08-30 09:00:00,161.02302676607442
2023-08-30 10:00:00,167.44429068287698
2023-08-30 11:00:00,167.25903412025977
2023-08-30 12:00:00,168.22668152310786
2023-08-30 13:00:00,169.09241136441622
2023-08-30 14:00:00,167.41931131088108
2023-08-30 15:00:00,165.87853751854135
2023-08-30 16:00:00,165.20443891092177
2023-08-30 17:00:00,152.00643045098258
2023-08-30 18:00:00,144.9294674850494
2023-08-30 19:00:00,132.55248629268527
2023-08-30 20:00:00,117.42092650118728
2023-08-30 21:00:00,113.64307666863922
2023-08-30 22:00:00,113.30314299858766
2023-08-30 23:00:00,113.40588414420715
2023-08-31 00:00:00,110.68263970863765
2023-08-31 01:00:00,108.32045652397284
2023-08-31 02:00:00,107.57114406957555
2023-08-31 03:00:00,107.59609145984383
2023-08-31 04:00:00,106.9743631656155
2023-08-31 05:00:00,112.01897344692466
2023-08-31 06:00:00,124.43690534434036
2023-08-31 07:00:00,139.7935055783395
2023-08-31 08:00:00,151.8043598158717
2023-08-31 09:00:00,162.31638837175115
2023-08-31 10:00:00,165.0284001375176
2023-08-31 11:00:00,166.73312489098538
2023-08-31 12:00:00,165.12411257491152
2023-08-31 13:00:00,165.492388560555
2023-08-31 14:00:00,162.44273289061493
2023-08-31 15:00:00,161.8934164452152
2023-08-31 16:00:00,160.7946904351319
2023-08-31 17:00:00,150.72433405676964
2023-08-31 18:00:00,144.339971916183
2023-08-31 19:00:00,136.5013884683428
2023-08-31 20:00:00,120.68302385120865
2023-08-31 21:00:00,115.22009583368748
2023-08-31 22:00:00,114.40037294775689
2023-08-31 23:00:00,113.7082033930229
2023-09-01 00:00:00,110.81714045172349
2023-09-01 01:00:00,109.03625648656148
2023-09-01 02:00:00,108.44728685333654
2023-09-01 03:00:00,107.74088665889286
2023-09-01 04:00:00,107.23646975880386
2023-09-01 05:00:00,113.24701738251674
2023-09-01 06:00:00,125.224986905209
2023-09-01 07:00:00,138.7140607471696
2023-09-01 08:00:00,148.20146804186456
2023-09-01 09:00:00,156.1847536303777
2023-09-01 10:00:00,162.11772448005325
2023-09-01 11:00:00,165.46176470361775
2023-09-01 12:00:00,166.1339836632843
2023-09-01 13:00:00,170.67429394142067
2023-09-01 14:00:00,169.4452947146542
2023-09-01 15:00:00,169.13364344523336
2023-09-01 16:00:00,168.11516560343478
2023-09-01 17:00:00,153.9964127438464
2023-09-01 18:00:00,146.73028008946983
2023-09-01 19:00:00,137.82709816211155
2023-09-01 20:00:00,119.93515027734618
2023-09-01 21:00:00,113.95858481310707
2023-09-01 22:00:00,111.62896925680933
2023-09-01 23:00:00,112.60763625939735
2023-09-02 00:00:00,103.90591616002067
2023-09-02 01:00:00,98.86455595315172
2023-09-02 02:00:00,98.75758780322491
2023-09-02 03:00:00,97.75148009073858
2023-09-02 04:00:00,97.84458952231287
2023-09-02 05:00:00,102.10638844709325
2023-09-02 06:00:00,111.17204297796388
2023-09-02 07:00:00,126.18691379569641
2023-09-02 08:00:00,129.63473709894654
2023-09-02 09:00:00,130.20410617031268
2023-09-02 10:00:00,133.0811581215031
2023-09-02 11:00:00,135.2094868527895
2023-09-02 12:00:00,138.95145370065111
2023-09-02 13:00:00,142.57283576003394
2023-09-02 14:00:00,152.23417070563818
2023-09-02 15:00:00,154.34757088449805
2023-09-02 16:00:00,157.1563139367203
2023-09-02 17:00:00,149.06017037769922
2023-09-02 18:00:00,140.6388908335349
2023-09-02 19:00:00,131.57452395355028
2023-09-02 20:00:00,115.02426659822257
2023-09-02 21:00:00,109.72762501772135
2023-09-02 22:00:00,106.39320877580928
2023-09-02 23:00:00,105.57181359954272
2023-09-03 00:00:00,97.66048030210393
2023-09-03 01:00:00,95.69875791517643
2023-09-03 02:00:00,92.48419531774194
2023-09-03 03:00:00,89.62200092321103
2023-09-03 04:00:00,88.04983501764983
2023-09-03 05:00:00,89.85009102869876
2023-09-03 06:00:00,92.11880489545362
2023-09-03 07:00:00,98.8976942142905
2023-09-03 08:00:00,113.33733013573412
2023-09-03 09:00:00,124.44103819593548
2023-09-03 10:00:00,128.4427027055484
2023-09-03 11:00:00,130.17327891182128
2023-09-03 12:00:00,129.04495852669314
2023-09-03 13:00:00,131.03872874079858
2023-09-03 14:00:00,131.4180443202639
2023-09-03 15:00:00,131.356657504462
2023-09-03 16:00:00,133.51794006767878
2023-09-03 17:00:00,132.0657631350694
2023-09-03 18:00:00,126.43468924291211
2023-09-03 19:00:00,120.15161507363177
2023-09-03 20:00:00,114.1692279417394
2023-09-03 21:00:00,110.2354884605226
2023-09-03 22:00:00,106.15157196777967
2023-09-03 23:00:00,103.08127016289896
2023-09-04 00:00:00,101.99392651424765
2023-09-04 01:00:00,102.76902115829716
2023-09-04 02:00:00,105.59233361315128
2023-09-04 03:00:00,105.76962252921504
2023-09-04 04:00:00,105.06937442569915
2023-09-04 05:00:00,111.00156049603167
2023-09-04 06:00:00,123.78315669818912
2023-09-04 07:00:00,143.97249248200026
2023-09-04 08:00:00,158.98898661696768
2023-09-04 09:00:00,165.0695291682394
2023-09-04 10:00:00,161.95967619379797
2023-09-04 11:00:00,159.54993726485924
2023-09-04 12:00:00,154.62648796327213
2023-09-04 13:00:00,155.1497655906727
2023-09-04 14:00:00,154.35428487944358
2023-09-04 15:00:00,156.69685230815338
2023-09-04 16:00:00,152.00030764811598
2023-09-04 17:00:00,144.6913426631515
2023-09-04 18:00:00,137.42633770548466
2023-09-04 19:00:00,125.9764610177356
2023-09-04 20:00:00,115.00522114829454
2023-09-04 21:00:00,113.8357697968953
2023-09-04 22:00:00,109.71611339809769
2023-09-04 23:00:00,110.21186977769345
2023-09-05 00:00:00,103.27782665298058
2023-09-05 01:00:00,100.35318602378416
2023-09-05 02:00:00,105.94060410634117
2023-09-05 03:00:00,103.38464855079603
2023-09-05 04:00:00,101.65346711955611
2023-09-05 05:00:00,114.02837273889698
2023-09-05 06:00:00,122.87537069242708
2023-09-05 07:00:00,141.65256942553194
2023-09-05 08:00:00,156.90492596443627
2023-09-05 09:00:00,169.00804696651988
2023-09-05 10:00:00,169.21573889716822
2023-09-05 11:00:00,167.42877469763943
2023-09-05 12:00:00,165.62213815616747
2023-09-05 13:00:00,169.0071967716895
2023-09-05 14:00:00,166.1716937065508
2023-09-05 15:00:00,165.55894723621228
2023-09-05 16:00:00,157.6868835000821
2023-09-05 17:00:00,143.81806301585434
2023-09-05 18:00:00,134.46096322567743
2023-09-05 19:00:00,121.46293806087472
2023-09-05 20:00:00,114.27220012654034
2023-09-05 21:00:00,115.16769086359409
2023-09-05 22:00:00,112.6841331657411
2023-09-05 23:00:00,107.70410216574044
2023-09-06 00:00:00,98.39477413709082
2023-09-06 01:00:00,97.41089542238
2023-09-06 02:00:00,99.43624918937377
2023-09-06 03:00:00,100.78532768633212
2023-09-06 04:00:00,100.9510223419667
2023-09-06 05:00:00,114.6933923181854
2023-09-06 06:00:00,125.7321605111776
2023-09-06 07:00:00,139.8000601939556
2023-09-06 08:00:00,154.80561417807905
2023-09-06 09:00:00,167.6063385167147
2023-09-06 10:00:00,171.22041905704853
2023-09-06 11:00:00,173.19712095973716
2023-09-06 12:00:00,171.52446895148688
2023-09-06 13:00:00,171.46613500672584
2023-09-06 14:00:00,170.77783256308052
2023-09-06 15:00:00,168.411230405502
2023-09-06 16:00:00,163.30938537325625
2023-09-06 17:00:00,155.38678319963967
2023-09-06 18:00:00,144.05278500297493
2023-09-06 19:00:00,131.57349654013345
2023-09-06 20:00:00,116.66924944821129
2023-09-06 21:00:00,116.35680804145822
2023-09-06 22:00:00,113.59285248504794
2023-09-06 23:00:00,108.69760253143852
2023-09-07 00:00:00,99.85733014450527
2023-09-07 01:00:00,99.75380872949376
2023-09-07 02:00:00,100.68182399649633
2023-09-07 03:00:00,102.85997377077122
2023-09-07 04:00:00,102.48871447382732
2023-09-07 05:00:00,115.06025635643097
2023-09-07 06:00:00,126.6198260599669
2023-09-07 07:00:00,137.2840284548586
2023-09-07 08:00:00,146.84225992150337
2023-09-07 09:00:00,156.44440014861098
2023-09-07 10:00:00,161.19929560763936
2023-09-07 11:00:00,167.27807082528082
2023-09-07 12:00:00,167.23492851379194
2023-09-07 13:00:00,168.5934245432402
2023-09-07 14:00:00,167.66221122124742
2023-09-07 15:00:00,166.33091781804504
2023-09-07 16:00:00,165.6610347851649
2023-09-07 17:00:00,156.43370736188268
2023-09-07 18:00:00,143.30454316703026
2023-09-07 19:00:00,132.44242434784093
2023-09-07 20:00:00,114.43663486990151
2023-09-07 21:00:00,114.84357454098534
2023-09-07 22:00:00,112.23058485184774
2023-09-07 23:00:00,109.51505754163277
2023-09-08 00:00:00,99.82835348510524
2023-09-08 01:00:00,99.21960964207474
2023-09-08 02:00:00,99.57883148823575
2023-09-08 03:00:00,99.5724224907798
2023-09-08 04:00:00,101.16671294309101
2023-09-08 05:00:00,116.51352534710897
2023-09-08 06:00:00,124.81565954832362
2023-09-08 07:00:00,134.99712655031735
2023-09-08 08:00:00,143.4415140689308
2023-09-08 09:00:00,153.22136517817742
2023-09-08 10:00:00,159.11715303867763
2023-09-08 11:00:00,160.99901065253647
2023-09-08 12:00:00,164.29412602626832
2023-09-08 13:00:00,163.55532975977692
2023-09-08 14:00:00,162.43910491907286
2023-09-08 15:00:00,162.39915833590572
2023-09-08 16:00:00,160.6965748384193
2023-09-08 17:00:00,154.5248244120208
2023-09-08 18:00:00,142.46549249196858
2023-09-08 19:00:00,133.56443173030746
2023-09-08 20:00:00,119.27128286488319
2023-09-08 21:00:00,116.34504563872659
2023-09-08 22:00:00,112.84224947935277
2023-09-08 23:00:00,111.82738690924859
2023-09-09 00:00:00,101.81728666726032
2023-09-09 01:00:00,98.55480479777329
2023-09-09 02:00:00,97.99786771972445
2023-09-09 03:00:00,97.38633940472376
2023-09-09 04:00:00,95.60683750485985
2023-09-09 05:00:00,100.88968853459991
2023-09-09 06:00:00,111.54783951196082
2023-09-09 07:00:00,123.45724022731964
2023-09-09 08:00:00,124.1043144041698
2023-09-09 09:00:00,125.22115698442184
2023-09-09 10:00:00,128.19786929337562
2023-09-09 11:00:00,130.85315620698617
2023-09-09 12:00:00,135.09727970003377
2023-09-09 13:00:00,137.93245725839495
2023-09-09 14:00:00,140.9079322482812
2023-09-09 15:00:00,141.82717663399234
2023-09-09 16:00:00,139.01485564579622
2023-09-09 17:00:00,133.75422673743543
2023-09-09 18:00:00,125.60672771516148
2023-09-09 19:00:00,118.6134839069305
2023-09-09 20:00:00,117.1948706415074
2023-09-09 21:00:00,116.70701809720158
2023-09-09 22:00:00,110.72852371148218
2023-09-09 23:00:00,106.97591470472837
2023-09-10 00:00:00,97.61782662291182
2023-09-10 01:00:00,96.84470865658909
2023-09-10 02:00:00,95.41773330603584
2023-09-10 03:00:00,92.99019769289694
2023-09-10 04:00:00,91.46845492338214
2023-09-10 05:00:00,92.41458676505573
2023-09-10 06:00:00,95.36881715469111
2023-09-10 07:00:00,104.36988390470331
2023-09-10 08:00:00,113.75714323902766
2023-09-10 09:00:00,122.19917598986721
2023-09-10 10:00:00,120.36666440082385
2023-09-10 11:00:00,121.05355386140194
2023-09-10 12:00:00,129.00194072532804
2023-09-10 13:00:00,134.55569540851047
2023-09-10 14:00:00,134.0958440192934
2023-09-10 15:00:00,136.79740574135886
2023-09-10 16:00:00,137.35841828144243
2023-09-10 17:00:00,135.36242142229366
2023-09-10 18:00:00,124.60022625030618
2023-09-10 19:00:00,117.40382750841357
2023-09-10 20:00:00,115.1226740386225
2023-09-10 21:00:00,114.86675159364552
2023-09-10 22:00:00,106.82571827422011
2023-09-10 23:00:00,103.2220329971651
2023-09-11 00:00:00,102.33071511179213
2023-09-11 01:00:00,102.25699509650937
2023-09-11 02:00:00,104.856323805585
2023-09-11 03:00:00,106.61692076340283
2023-09-11 04:00:00,106.04553179237551
2023-09-11 05:00:00,112.11364718784547
2023-09-11 06:00:00,124.0366376623555
2023-09-11 07:00:00,141.89196801897089
2023-09-11 08:00:00,155.54677088362033
2023-09-11 09:00:00,167.53551138808197
2023-09-11 10:00:00,161.60381389119866
2023-09-11 11:00:00,160.2309424115075
2023-09-11 12:00:00,156.34837518588915
2023-09-11 13:00:00,161.60917051964904
2023-09-11 14:00:00,167.09776815283064
2023-09-11 15:00:00,170.40335957866057
2023-09-11 16:00:00,168.1518988419696
2023-09-11 17:00:00,161.92487012775155
2023-09-11 18:00:00,155.9905570552361
2023-09-11 19:00:00,143.14100533029017
2023-09-11 20:00:00,130.36096922373275
2023-09-11 21:00:00,117.9449224910256
2023-09-11 22:00:00,112.51550716912415
2023-09-11 23:00:00,108.84655530480097
2023-09-12 00:00:00,102.80967240526296
2023-09-12 01:00:00,101.03801333626886
2023-09-12 02:00:00,104.50051154019347
2023-09-12 03:00:00,103.33867868389304
2023-09-12 04:00:00,101.97533538388288
2023-09-12 05:00:00,112.08872585991217
2023-09-12 06:00:00,121.86768175403435
2023-09-12 07:00:00,138.54621103567976
2023-09-12 08:00:00,152.6915642047644
2023-09-12 09:00:00,161.97309313793312
2023-09-12 10:00:00,167.1952678282142
2023-09-12 11:00:00,166.20842044671272
2023-09-12 12:00:00,168.31693089132816
2023-09-12 13:00:00,172.48569700498874
2023-09-12 14:00:00,167.36312784002374
2023-09-12 15:00:00,166.83514864623905
2023-09-12 16:00:00,167.69057583045233
2023-09-12 17:00:00,166.90799500649626
2023-09-12 18:00:00,157.16907457757256
2023-09-12 19:00:00,142.39595307624853
2023-09-12 20:00:00,130.0109054332115
2023-09-12 21:00:00,118.057251273296
2023-09-12 22:00:00,114.23146826753681
2023-09-12 23:00:00,110.08758383953204
2023-09-13 00:00:00,104.95800460418259
2023-09-13 01:00:00,102.2361611383424
2023-09-13 02:00:00,103.8176931518675
2023-09-13 03:00:00,104.51526964009196
2023-09-13 04:00:00,103.52606533701184
2023-09-13 05:00:00,112.14974039538016
2023-09-13 06:00:00,122.45432087001186
2023-09-13 07:00:00,138.06717222696363
2023-09-13 08:00:00,152.8115474008113
2023-09-13 09:00:00,165.04773527117024
2023-09-13 10:00:00,169.95928841230847
2023-09-13 11:00:00,170.77777385064778
2023-09-13 12:00:00,170.26398633084665
2023-09-13 13:00:00,171.24922706535364
2023-09-13 14:00:00,168.02075692992682
2023-09-13 15:00:00,167.75873198497624
2023-09-13 16:00:00,166.79614171481265
2023-09-13 17:00:00,161.5819927209588
2023-09-13 18:00:00,155.91430268129008
2023-09-13 19:00:00,146.07875825907354
2023-09-13 20:00:00,133.5031944934005
2023-09-13 21:00:00,121.07151762406787
2023-09-13 22:00:00,115.95770966100167
2023-09-13 23:00:00,114.35674820986152
2023-09-14 00:00:00,109.65286742947502
2023-09-14 01:00:00,106.09903972437802
2023-09-14 02:00:00,101.44434862624186
2023-09-14 03:00:00,104.5627604473768
2023-09-14 04:00:00,100.03916947029963
2023-09-14 05:00:00,112.79778998659486
2023-09-14 06:00:00,121.52125546911569
2023-09-14 07:00:00,134.98768590923856
2023-09-14 08:00:00,141.19326119543896
2023-09-14 09:00:00,153.1232958952006
2023-09-14 10:00:00,159.74133661510396
2023-09-14 11:00:00,161.5288816495194
2023-09-14 12:00:00,165.7059913945545
2023-09-14 13:00:00,163.79648057505597
2023-09-14 14:00:00,166.9467409234897
2023-09-14 15:00:00,168.6355445842604
2023-09-14 16:00:00,166.87424059096185
2023-09-14 17:00:00,163.11155645489546
2023-09-14 18:00:00,159.75663356849043
2023-09-14 19:00:00,147.3743269740338
2023-09-14 20:00:00,134.05819736225797
2023-09-14 21:00:00,122.19416680492965
2023-09-14 22:00:00,114.77584780726893
2023-09-14 23:00:00,111.76838263634724
2023-09-15 00:00:00,102.67642032987096
2023-09-15 01:00:00,98.91961851161797
2023-09-15 02:00:00,102.08512096694996
2023-09-15 03:00:00,103.9656324935114
2023-09-15 04:00:00,103.01248742023353
2023-09-15 05:00:00,113.7049126147839
2023-09-15 06:00:00,125.08345480013612
2023-09-15 07:00:00,136.63939485812818
2023-09-15 08:00:00,140.1733291686627
2023-09-15 09:00:00,147.93086980276559
2023-09-15 10:00:00,152.3649354378006
2023-09-15 11:00:00,159.18746063979324
2023-09-15 12:00:00,160.09804101106528
2023-09-15 13:00:00,160.6535689001314
2023-09-15 14:00:00,167.27864919056492
2023-09-15 15:00:00,164.90996072530305
2023-09-15 16:00:00,166.2818383156396
2023-09-15 17:00:00,164.1212198599878
2023-09-15 18:00:00,157.33910003835638
2023-09-15 19:00:00,147.29590983743685
2023-09-15 20:00:00,135.07560609427668
2023-09-15 21:00:00,122.76469485242482
2023-09-15 22:00:00,113.09441654311841
2023-09-15 23:00:00,107.62081393032162
2023-09-16 00:00:00,94.27554165848545
2023-09-16 01:00:00,89.29110922134517
2023-09-16 02:00:00,88.37510782030665
2023-09-16 03:00:00,89.50141184304623
2023-09-16 04:00:00,90.5705598640993
2023-09-16 05:00:00,94.61999530995413
2023-09-16 06:00:00,103.06491789420417
2023-09-16 07:00:00,113.36670147450678
2023-09-16 08:00:00,119.90044709313378
2023-09-16 09:00:00,119.14858071759544
2023-09-16 10:00:00,119.51404384223223
2023-09-16 11:00:00,119.04553871330155
2023-09-16 12:00:00,122.7629968406263
2023-09-16 13:00:00,126.00129477191678
2023-09-16 14:00:00,131.52531738155247
2023-09-16 15:00:00,136.72368319612718
2023-09-16 16:00:00,141.3261422167546
2023-09-16 17:00:00,142.62407108615898
2023-09-16 18:00:00,137.72585457751194
2023-09-16 19:00:00,132.88126672366081
2023-09-16 20:00:00,126.83918657960862
2023-09-16 21:00:00,117.58658912333605
2023-09-16 22:00:00,109.46664294614142
2023-09-16 23:00:00,104.63068547144826
2023-09-17 00:00:00,94.77469051435317
2023-09-17 01:00:00,88.16763873289963
2023-09-17 02:00:00,85.79183198359019
2023-09-17 03:00:00,83.9792910815705
2023-09-17 04:00:00,81.74804563799229
2023-09-17 05:00:00,86.24220515404785
2023-09-17 06:00:00,91.69489177883196
2023-09-17 07:00:00,96.69133198248204
2023-09-17 08:00:00,107.91210062474833
2023-09-17 09:00:00,114.80469703211688
2023-09-17 10:00:00,117.61139021256093
2023-09-17 11:00:00,116.93492718919767
2023-09-17 12:00:00,119.17274037624186
2023-09-17 13:00:00,122.47777046462238
2023-09-17 14:00:00,124.72853335792273
2023-09-17 15:00:00,132.13661883942757
2023-09-17 16:00:00,133.32302189001277
2023-09-17 17:00:00,127.32244641524017
2023-09-17 18:00:00,124.62357711669482
2023-09-17 19:00:00,123.23126238637991
2023-09-17 20:00:00,124.4512057045702
2023-09-17 21:00:00,115.94336474524397
2023-09-17 22:00:00,109.71196864661782
2023-09-17 23:00:00,101.1216686547986
2023-09-18 00:00:00,97.76434941666811
2023-09-18 01:00:00,93.27253003828287
2023-09-18 02:00:00,88.50761592031164
2023-09-18 03:00:00,91.42489987359886
2023-09-18 04:00:00,92.02854011800923
2023-09-18 05:00:00,101.41487157559227
2023-09-18 06:00:00,118.01070756598959
2023-09-18 07:00:00,142.82478674910845
2023-09-18 08:00:00,157.2397476457547
2023-09-18 09:00:00,165.51297615260606
2023-09-18 10:00:00,165.70833501304676
2023-09-18 11:00:00,163.375071481193
2023-09-18 12:00:00,163.97311369889022
2023-09-18 13:00:00,162.7735861458048
2023-09-18 14:00:00,161.5792675997037
2023-09-18 15:00:00,161.52516830285776
2023-09-18 16:00:00,161.7348911302415
2023-09-18 17:00:00,157.34517060858025
2023-09-18 18:00:00,149.42443650303787
2023-09-18 19:00:00,143.10847111487135
2023-09-18 20:00:00,133.14130281220196
2023-09-18 21:00:00,125.3248111210133
2023-09-18 22:00:00,118.51678037339876
2023-09-18 23:00:00,114.0775671156146
2023-09-19 00:00:00,107.1258042882332
2023-09-19 01:00:00,100.71109628568293
2023-09-19 02:00:00,102.0624662838526
2023-09-19 03:00:00,100.66382243709299
2023-09-19 04:00:00,100.07756876783908
2023-09-19 05:00:00,106.8633912719496
2023-09-19 06:00:00,120.53769282832057
2023-09-19 07:00:00,139.56827943322628
2023-09-19 08:00:00,154.30262207529356
2023-09-19 09:00:00,166.75145680614992
2023-09-19 10:00:00,167.3455108141233
2023-09-19 11:00:00,169.31876324732823
2023-09-19 12:00:00,168.74007534917433
2023-09-19 13:00:00,167.74031443924147
2023-09-19 14:00:00,168.20566455332283
2023-09-19 15:00:00,167.1981817769816
2023-09-19 16:00:00,163.98508584506968
2023-09-19 17:00:00,154.30827244562852
2023-09-19 18:00:00,148.5541889364858
2023-09-19 19:00:00,142.01589782975398
2023-09-19 20:00:00,127.22772712834686
2023-09-19 21:00:00,121.15770224488276
2023-09-19 22:00:00,115.66715229088388
2023-09-19 23:00:00,111.08808171671392
2023-09-20 00:00:00,106.58462058775383
2023-09-20 01:00:00,100.38712293125523
2023-09-20 02:00:00,101.83672966906735
2023-09-20 03:00:00,104.97697233969473
2023-09-20 04:00:00,105.70101780756791
2023-09-20 05:00:00,108.13466211087247
2023-09-20 06:00:00,118.88059624808292
2023-09-20 07:00:00,134.46673164526504
2023-09-20 08:00:00,140.12225868877428
2023-09-20 09:00:00,149.94246616334786
2023-09-20 10:00:00,159.98625922820352
2023-09-20 11:00:00,165.54674491177963
2023-09-20 12:00:00,168.80849411142538
2023-09-20 13:00:00,168.9970101667261
2023-09-20 14:00:00,166.71714777618746
2023-09-20 15:00:00,165.60412431223614
2023-09-20 16:00:00,163.66686866372942
2023-09-20 17:00:00,155.61379891065332
2023-09-20 18:00:00,144.90536732785276
2023-09-20 19:00:00,139.25398015320042
2023-09-20 20:00:00,125.84704814779988
2023-09-20 21:00:00,116.72721091932702
2023-09-20 22:00:00,114.6109438117008
2023-09-20 23:00:00,112.8540529058664
2023-09-21 00:00:00,111.49328936343936
2023-09-21 01:00:00,107.80356260765443
2023-09-21 02:00:00,107.11021457055381
2023-09-21 03:00:00,105.93853396676927
2023-09-21 04:00:00,105.46567462147449
2023-09-21 05:00:00,108.93769033312587
2023-09-21 06:00:00,121.0974435420632
2023-09-21 07:00:00,138.45366257465582
2023-09-21 08:00:00,151.150566290369
2023-09-21 09:00:00,158.90713695415937
2023-09-21 10:00:00,158.953102123169
2023-09-21 11:00:00,159.9651342888059
2023-09-21 12:00:00,161.3441319261204
2023-09-21 13:00:00,165.5561592342466
2023-09-21 14:00:00,166.222013086046
2023-09-21 15:00:00,168.73340793784112
2023-09-21 16:00:00,166.1698611319808
2023-09-21 17:00:00,158.37912606002115
2023-09-21 18:00:00,145.69720662577947
2023-09-21 19:00:00,135.67456079609107
2023-09-21 20:00:00,121.25296167741624
2023-09-21 21:00:00,113.75232682308614
2023-09-21 22:00:00,108.82046490180352
2023-09-21 23:00:00,105.03686728963733
2023-09-22 00:00:00,104.72607552488864
2023-09-22 01:00:00,99.62657501531032
2023-09-22 02:00:00,105.07217798457005
2023-09-22 03:00:00,104.19725055465494
2023-09-22 04:00:00,103.55568523446544
2023-09-22 05:00:00,105.31645901778768
2023-09-22 06:00:00,118.34746647233048
2023-09-22 07:00:00,134.24817746176265
2023-09-22 08:00:00,138.90262641905372
2023-09-22 09:00:00,147.71932325221454
2023-09-22 10:00:00,151.7625901759441
2023-09-22 11:00:00,157.2480080948775
2023-09-22 12:00:00,166.1974310168001
2023-09-22 13:00:00,171.87266040877873
2023-09-22 14:00:00,173.6083662726385
2023-09-22 15:00:00,182.3255709575913
2023-09-22 16:00:00,184.8748973466166
2023-09-22 17:00:00,171.35091144214823
2023-09-22 18:00:00,152.90252714725236
2023-09-22 19:00:00,142.23314151438151
2023-09-22 20:00:00,126.45351989580632
2023-09-22 21:00:00,117.43722110858894
2023-09-22 22:00:00,110.06860049804368
2023-09-22 23:00:00,108.67064925020358
2023-09-23 00:00:00,98.87678225706095
2023-09-23 01:00:00,92.45225289648816
2023-09-23 02:00:00,87.9390688263097
2023-09-23 03:00:00,86.18814872429243
2023-09-23 04:00:00,83.69570820085163
2023-09-23 05:00:00,87.15761071181376
2023-09-23 06:00:00,93.28699668294684
2023-09-23 07:00:00,101.79208968521874
2023-09-23 08:00:00,116.13866553111379
2023-09-23 09:00:00,122.30339739229261
2023-09-23 10:00:00,123.46374633712341
2023-09-23 11:00:00,124.52727757484678
2023-09-23 12:00:00,133.5707085945462
2023-09-23 13:00:00,140.4400077109279
2023-09-23 14:00:00,147.3438608122134
2023-09-23 15:00:00,151.8681728600073
2023-09-23 16:00:00,151.0081995213267
2023-09-23 17:00:00,147.7904689038528
2023-09-23 18:00:00,139.34629720182997
2023-09-23 19:00:00,133.07969342455328
2023-09-23 20:00:00,122.09717592564193
2023-09-23 21:00:00,116.67437550805832
2023-09-23 22:00:00,111.72079058825577
2023-09-23 23:00:00,107.2867987060235
2023-09-24 00:00:00,99.33169779667872
2023-09-24 01:00:00,94.81712363116618
2023-09-24 02:00:00,90.95145161991282
2023-09-24 03:00:00,86.9326648492529
2023-09-24 04:00:00,84.47740588535098
2023-09-24 05:00:00,86.64246500730594
2023-09-24 06:00:00,89.80363598812275
2023-09-24 07:00:00,93.53557130244243
2023-09-24 08:00:00,102.40390512725891
2023-09-24 09:00:00,111.14513196921581
2023-09-24 10:00:00,117.08036069950616
2023-09-24 11:00:00,114.18398302940676
2023-09-24 12:00:00,122.25409446799702
2023-09-24 13:00:00,126.69998854490946
2023-09-24 14:00:00,128.41251302438602
2023-09-24 15:00:00,131.71453069922484
2023-09-24 16:00:00,134.4687852451301
2023-09-24 17:00:00,132.96986066887348
2023-09-24 18:00:00,130.11779944467685
2023-09-24 19:00:00,127.30243074845198
2023-09-24 20:00:00,116.2313194110672
2023-09-24 21:00:00,114.20177544760561
2023-09-24 22:00:00,108.12770698419874
2023-09-24 23:00:00,102.00023444714482
2023-09-25 00:00:00,98.0874133884414
2023-09-25 01:00:00,98.26035308816569
2023-09-25 02:00:00,101.7013570515246
2023-09-25 03:00:00,102.8041557836706
2023-09-25 04:00:00,104.55866601272163
2023-09-25 05:00:00,113.22315183997961
2023-09-25 06:00:00,125.74207536406854
2023-09-25 07:00:00,143.25875586437795
2023-09-25 08:00:00,157.38103803802193
2023-09-25 09:00:00,164.32147815469745
2023-09-25 10:00:00,163.2044325078099
2023-09-25 11:00:00,161.2438324606787
2023-09-25 12:00:00,160.12281353609924
2023-09-25 13:00:00,159.57351061092947
2023-09-25 14:00:00,158.55387441452532
2023-09-25 15:00:00,158.90221414689498
2023-09-25 16:00:00,155.93850479721786
2023-09-25 17:00:00,149.99332133091053
2023-09-25 18:00:00,144.6781653383286
2023-09-25 19:00:00,136.6844388847002
2023-09-25 20:00:00,124.0031034402596
2023-09-25 21:00:00,118.73852590127284
2023-09-25 22:00:00,113.09904988983928
2023-09-25 23:00:00,106.92164727804322
2023-09-26 00:00:00,98.17084690337477
2023-09-26 01:00:00,97.34028736098954
2023-09-26 02:00:00,98.6592700203086
2023-09-26 03:00:00,98.35769891663729
2023-09-26 04:00:00,98.24765134836674
2023-09-26 05:00:00,113.71356226241748
2023-09-26 06:00:00,126.46943292379916
2023-09-26 07:00:00,141.76552222706718
2023-09-26 08:00:00,150.41289002676996
2023-09-26 09:00:00,161.82209627883438
2023-09-26 10:00:00,167.98608842941778
2023-09-26 11:00:00,168.70844453828252
2023-09-26 12:00:00,163.42337530287602
2023-09-26 13:00:00,164.7717683927918
2023-09-26 14:00:00,163.554818111874
2023-09-26 15:00:00,162.45047595223824
2023-09-26 16:00:00,161.72278382106973
2023-09-26 17:00:00,155.67693905513585
2023-09-26 18:00:00,145.90205320060534
2023-09-26 19:00:00,137.92966988177454
2023-09-26 20:00:00,122.63242390660592
2023-09-26 21:00:00,121.74626867102234
2023-09-26 22:00:00,116.85676393026966
2023-09-26 23:00:00,110.44378113736273
2023-09-27 00:00:00,99.85974980690528
2023-09-27 01:00:00,101.58507134305252
2023-09-27 02:00:00,102.23708624312825
2023-09-27 03:00:00,100.73442291497514
2023-09-27 04:00:00,104.56062486278739
2023-09-27 05:00:00,115.62377913799602
2023-09-27 06:00:00,124.3844646552784
2023-09-27 07:00:00,140.1734122881459
2023-09-27 08:00:00,152.9827655314862
2023-09-27 09:00:00,162.98571063846754
2023-09-27 10:00:00,167.29453171200723
2023-09-27 11:00:00,170.40794211901428
2023-09-27 12:00:00,169.88571330804706
2023-09-27 13:00:00,169.04673906944325
2023-09-27 14:00:00,167.43040854267707
2023-09-27 15:00:00,164.0846994387376
2023-09-27 16:00:00,162.47532299695345
2023-09-27 17:00:00,154.78858704311156
2023-09-27 18:00:00,145.49277840300735
2023-09-27 19:00:00,138.48591773764022
2023-09-27 20:00:00,122.54754080318209
2023-09-27 21:00:00,119.58020346804804
2023-09-27 22:00:00,117.36258481983774
2023-09-27 23:00:00,113.76438981819898
2023-09-28 00:00:00,107.90017899771107
2023-09-28 01:00:00,102.38399559349155
2023-09-28 02:00:00,104.4766208554188
2023-09-28 03:00:00,104.1020102873141
2023-09-28 04:00:00,102.03933216140375
2023-09-28 05:00:00,116.14721599617737
2023-09-28 06:00:00,125.12248546955156
2023-09-28 07:00:00,139.331212701226
2023-09-28 08:00:00,153.01477143176353
2023-09-28 09:00:00,160.64785595996102
2023-09-28 10:00:00,164.53125927939874
2023-09-28 11:00:00,167.31132527023928
2023-09-28 12:00:00,165.68405828458117
2023-09-28 13:00:00,165.379408242534
2023-09-28 14:00:00,165.06259641783691
2023-09-28 15:00:00,162.43360311025643
2023-09-28 16:00:00,162.360568847243
2023-09-28 17:00:00,153.75373602145524
2023-09-28 18:00:00,145.41495386935568
2023-09-28 19:00:00,137.76835195376665
2023-09-28 20:00:00,121.68878574126578
2023-09-28 21:00:00,119.59310725626894
2023-09-28 22:00:00,115.95207828053645
2023-09-28 23:00:00,113.73998651987709
2023-09-29 00:00:00,107.67778227479812
2023-09-29 01:00:00,102.765572271902
2023-09-29 02:00:00,104.2473458815912
2023-09-29 03:00:00,103.37649571575771
2023-09-29 04:00:00,101.79334012290772
2023-09-29 05:00:00,115.9732079045388
2023-09-29 06:00:00,124.81595180644311
2023-09-29 07:00:00,134.44902971021983
2023-09-29 08:00:00,138.692997198361
2023-09-29 09:00:00,146.22845618465178
2023-09-29 10:00:00,154.3277119220241
2023-09-29 11:00:00,158.94044767055166
2023-09-29 12:00:00,159.68013699706108
2023-09-29 13:00:00,161.5741421764683
2023-09-29 14:00:00,164.11114698994888
2023-09-29 15:00:00,163.48345339164464
2023-09-29 16:00:00,161.35804376885415
2023-09-29 17:00:00,154.21029484807283
2023-09-29 18:00:00,141.58604788074626
2023-09-29 19:00:00,130.3455409097035
2023-09-29 20:00:00,114.58531068188476
2023-09-29 21:00:00,113.41236613895849
2023-09-29 22:00:00,111.81926075381399
2023-09-29 23:00:00,112.40497102621266
2023-09-30 00:00:00,104.437925036743
2023-09-30 01:00:00,98.40736269443906
2023-09-30 02:00:00,96.02913541009642
2023-09-30 03:00:00,93.8040608385235
2023-09-30 04:00:00,91.59441413255763
2023-09-30 05:00:00,95.02508424802937
2023-09-30 06:00:00,103.10927964625174
2023-09-30 07:00:00,116.93701610285544
2023-09-30 08:00:00,122.3908671646708
2023-09-30 09:00:00,124.5838547318682
2023-09-30 10:00:00,130.10362397149106
2023-09-30 11:00:00,128.5007304733517
2023-09-30 12:00:00,130.2489939736649
2023-09-30 13:00:00,133.5157827811254
2023-09-30 14:00:00,137.21925641704556
2023-09-30 15:00:00,143.3254585481357
2023-09-30 16:00:00,149.14250246030065
2023-09-30 17:00:00,143.76002744870326
2023-09-30 18:00:00,136.3677049639901
2023-09-30 19:00:00,123.26778208112748
2023-09-30 20:00:00,111.2886811903439
2023-09-30 21:00:00,113.64607786536693
2023-09-30 22:00:00,110.73272113267208
2023-09-30 23:00:00,110.11270326561453
2023-10-01 00:00:00,100.28318347949148
2023-10-01 01:00:00,97.82733263910384
2023-10-01 02:00:00,98.82306093346159
2023-10-01 03:00:00,92.57184238784062
2023-10-01 04:00:00,85.94303919426761
2023-10-01 05:00:00,87.62446525457497
2023-10-01 06:00:00,94.64176052703858
2023-10-01 07:00:00,104.2266984144932
2023-10-01 08:00:00,115.79467276229722
2023-10-01 09:00:00,120.38955956687474
2023-10-01 10:00:00,123.66317189112226
2023-10-01 11:00:00,119.7361888164209
2023-10-01 12:00:00,125.6285980844226
2023-10-01 13:00:00,132.5023990017483
2023-10-01 14:00:00,136.23964224585984
2023-10-01 15:00:00,139.7938518592427
2023-10-01 16:00:00,146.53780528221665
2023-10-01 17:00:00,145.1301811881506
2023-10-01 18:00:00,141.9262817382366
2023-10-01 19:00:00,124.0815462722694
2023-10-01 20:00:00,107.6103805980726
2023-10-01 21:00:00,107.18573045524305
2023-10-01 22:00:00,104.15243322232834
2023-10-01 23:00:00,95.25789954784715
2023-10-02 00:00:00,90.69447228737437
2023-10-02 01:00:00,87.87007386087956
2023-10-02 02:00:00,87.48328839643084
2023-10-02 03:00:00,89.79119221726015
2023-10-02 04:00:00,90.89742401473949
2023-10-02 05:00:00,96.9326812888494
2023-10-02 06:00:00,117.65083120350171
2023-10-02 07:00:00,139.8455811309001
2023-10-02 08:00:00,153.9817089586391
2023-10-02 09:00:00,166.27049973743087
2023-10-02 10:00:00,162.2684079141393
2023-10-02 11:00:00,159.80876715202805
2023-10-02 12:00:00,157.67757963647813
2023-10-02 13:00:00,158.43875645035607
2023-10-02 14:00:00,155.91822320943288
2023-10-02 15:00:00,157.16341033053814
2023-10-02 16:00:00,154.30986956673624
2023-10-02 17:00:00,149.13939734889593
2023-10-02 18:00:00,146.81464451213478
2023-10-02 19:00:00,135.37369557839835
2023-10-02 20:00:00,121.39945281515075
2023-10-02 21:00:00,116.06596026355372
2023-10-02 22:00:00,112.39213370165187
2023-10-02 23:00:00,108.92269972778065
2023-10-03 00:00:00,101.62171673355793
2023-10-03 01:00:00,101.46345630858222
2023-10-03 02:00:00,104.84351617053883
2023-10-03 03:00:00,102.76153438356582
2023-10-03 04:00:00,101.35951220499258
2023-10-03 05:00:00,110.14356247504595
2023-10-03 06:00:00,120.95628484417449
2023-10-03 07:00:00,140.03589955785517
2023-10-03 08:00:00,155.5819275662775
2023-10-03 09:00:00,167.33208950442793
2023-10-03 10:00:00,167.77104579956836
2023-10-03 11:00:00,165.10993927119193
2023-10-03 12:00:00,163.04419036764034
2023-10-03 13:00:00,162.39821446752268
2023-10-03 14:00:00,161.24395138062212
2023-10-03 15:00:00,161.02774889877162
2023-10-03 16:00:00,158.41586741637278
2023-10-03 17:00:00,149.47036656902353
2023-10-03 18:00:00,143.86801616701348
2023-10-03 19:00:00,137.71620659724425
2023-10-03 20:00:00,119.77269027204358
2023-10-03 21:00:00,116.26571067520526
2023-10-03 22:00:00,115.25999299615022
2023-10-03 23:00:00,109.95738773327588
2023-10-04 00:00:00,108.98275967915616
2023-10-04 01:00:00,106.24216890917717
2023-10-04 02:00:00,107.76350486047063
2023-10-04 03:00:00,105.17423819311196
2023-10-04 04:00:00,101.81193314248148
2023-10-04 05:00:00,111.47335010002226
2023-10-04 06:00:00,121.348317413157
2023-10-04 07:00:00,140.77059287041413
2023-10-04 08:00:00,152.68679040603348
2023-10-04 09:00:00,160.55338668222666
2023-10-04 10:00:00,166.8680043374672
2023-10-04 11:00:00,165.40436874804234
2023-10-04 12:00:00,163.9819256233417
2023-10-04 13:00:00,165.48699656817843
2023-10-04 14:00:00,164.518369158616
2023-10-04 15:00:00,162.9548201850909
2023-10-04 16:00:00,156.07500579442873
2023-10-04 17:00:00,145.95762145543546
2023-10-04 18:00:00,142.0778548472877
2023-10-04 19:00:00,134.79604116141985
2023-10-04 20:00:00,119.02700930371246
2023-10-04 21:00:00,117.76449644788806
2023-10-04 22:00:00,115.94651964952833
2023-10-04 23:00:00,112.30684913868514
2023-10-05 00:00:00,111.32588682897902
2023-10-05 01:00:00,108.79084711582473
2023-10-05 02:00:00,108.83508795207644
2023-10-05 03:00:00,103.51953364983667
2023-10-05 04:00:00,105.16259744153608
2023-10-05 05:00:00,110.74872100018771
2023-10-05 06:00:00,124.29109813843998
2023-10-05 07:00:00,142.30406361831086
2023-10-05 08:00:00,155.68076145424257
2023-10-05 09:00:00,163.23940234315043
2023-10-05 10:00:00,164.4155055982165
2023-10-05 11:00:00,163.56403088432387
2023-10-05 12:00:00,164.09917628663982
2023-10-05 13:00:00,164.22668090860628
2023-10-05 14:00:00,162.86439030664107
2023-10-05 15:00:00,162.2480295921376
2023-10-05 16:00:00,157.86386496304502
2023-10-05 17:00:00,144.71374384965384
2023-10-05 18:00:00,140.42253743102162
2023-10-05 19:00:00,131.17150579254655
2023-10-05 20:00:00,115.36764094969006
2023-10-05 21:00:00,111.09763234024932
2023-10-05 22:00:00,113.75637518991525
2023-10-05 23:00:00,109.92032906959955
2023-10-06 00:00:00,107.71884320093103
2023-10-06 01:00:00,104.03662287694898
2023-10-06 02:00:00,102.59346338441513
2023-10-06 03:00:00,101.21991871145903
2023-10-06 04:00:00,101.90469179330329
2023-10-06 05:00:00,111.84265417123741
2023-10-06 06:00:00,121.63320333578312
2023-10-06 07:00:00,133.7241636071055
2023-10-06 08:00:00,140.02528153349954
2023-10-06 09:00:00,150.67640755158692
2023-10-06 10:00:00,158.61729540334787
2023-10-06 11:00:00,163.78921225041907
2023-10-06 12:00:00,167.50521646745273
2023-10-06 13:00:00,168.25290378545589
2023-10-06 14:00:00,166.71686908751934
2023-10-06 15:00:00,166.1202821232459
2023-10-06 16:00:00,162.48131757668418
2023-10-06 17:00:00,153.11316433433305
2023-10-06 18:00:00,144.35535589277083
2023-10-06 19:00:00,137.4665291037656
2023-10-06 20:00:00,120.75182406168726
2023-10-06 21:00:00,112.10886089117679
2023-10-06 22:00:00,112.60281072627518
2023-10-06 23:00:00,112.83493896133089
2023-10-07 00:00:00,108.68489131912425
2023-10-07 01:00:00,104.44250250192961
2023-10-07 02:00:00,103.29741536626763
2023-10-07 03:00:00,100.95813011824254
2023-10-07 04:00:00,102.34746856035059
2023-10-07 05:00:00,105.60070131910923
2023-10-07 06:00:00,112.09133191279857
2023-10-07 07:00:00,125.4540436631867
2023-10-07 08:00:00,130.57030093271229
2023-10-07 09:00:00,131.03230443715944
2023-10-07 10:00:00,128.61537996300925
2023-10-07 11:00:00,130.52686369149447
2023-10-07 12:00:00,134.39937772625407
2023-10-07 13:00:00,137.98931083008716
2023-10-07 14:00:00,143.20877710891082
2023-10-07 15:00:00,153.00808839443587
2023-10-07 16:00:00,157.2109799844672
2023-10-07 17:00:00,155.72511128759345
2023-10-07 18:00:00,151.33835052503932
2023-10-07 19:00:00,149.76938120042774
2023-10-07 20:00:00,134.1409679645891
2023-10-07 21:00:00,116.0229453667243
2023-10-07 22:00:00,106.7989114147421
2023-10-07 23:00:00,100.92576541356028
2023-10-08 00:00:00,97.14770657101352
2023-10-08 01:00:00,93.74821380697182
2023-10-08 02:00:00,91.93602873950556
2023-10-08 03:00:00,88.98816937750959
2023-10-08 04:00:00,88.83282280187905
2023-10-08 05:00:00,93.90006798690803
2023-10-08 06:00:00,96.78479052452133
2023-10-08 07:00:00,105.63522914219476
2023-10-08 08:00:00,115.99581998667595
2023-10-08 09:00:00,121.6409516756989
2023-10-08 10:00:00,120.6721372419215
2023-10-08 11:00:00,119.58844695197644
2023-10-08 12:00:00,126.75305663556051
2023-10-08 13:00:00,132.42842437274007
2023-10-08 14:00:00,134.00796650349804
2023-10-08 15:00:00,136.7306088068604
2023-10-08 16:00:00,138.93677693022266
2023-10-08 17:00:00,139.9609701406332
2023-10-08 18:00:00,140.21414991908958
2023-10-08 19:00:00,142.33329463970148
2023-10-08 20:00:00,137.35725221271656
2023-10-08 21:00:00,122.70730680248911
2023-10-08 22:00:00,106.54715860186793
2023-10-08 23:00:00,96.79989849120726
2023-10-09 00:00:00,93.34054811039633
2023-10-09 01:00:00,90.49401250852391
2023-10-09 02:00:00,90.01780556978511
2023-10-09 03:00:00,89.88125642301243
2023-10-09 04:00:00,90.45115977994439
2023-10-09 05:00:00,100.16183457259231
2023-10-09 06:00:00,112.68110792692146
2023-10-09 07:00:00,137.16257413636322
2023-10-09 08:00:00,147.70565964622907
2023-10-09 09:00:00,155.31812451353863
2023-10-09 10:00:00,160.31420497326667
2023-10-09 11:00:00,158.08855539345637
2023-10-09 12:00:00,155.24532784136207
2023-10-09 13:00:00,157.93713669016415
2023-10-09 14:00:00,158.0882496579741
2023-10-09 15:00:00,158.839264425981
2023-10-09 16:00:00,157.15118420756684
2023-10-09 17:00:00,153.3523194590208
2023-10-09 18:00:00,153.33604729859027
2023-10-09 19:00:00,152.71554352706727
2023-10-09 20:00:00,145.2962618023627
2023-10-09 21:00:00,144.93261998825434
2023-10-09 22:00:00,141.96734382943123
2023-10-09 23:00:00,133.70195299180475
2023-10-10 00:00:00,119.48856500960093
2023-10-10 01:00:00,109.13099711412428
2023-10-10 02:00:00,103.47121573238134
2023-10-10 03:00:00,98.69539930359555
2023-10-10 04:00:00,96.21976766116863
2023-10-10 05:00:00,101.85205253169262
2023-10-10 06:00:00,116.9871436533223
2023-10-10 07:00:00,139.04549680952502
2023-10-10 08:00:00,148.95172587592594
2023-10-10 09:00:00,161.01715055431356
2023-10-10 10:00:00,166.1506044717805
2023-10-10 11:00:00,166.27269363545255
2023-10-10 12:00:00,164.37374341399888
2023-10-10 13:00:00,164.3902238383063
2023-10-10 14:00:00,162.60076840805655
2023-10-10 15:00:00,160.14935597528472
2023-10-10 16:00:00,159.014604142439
2023-10-10 17:00:00,149.08011180238168
2023-10-10 18:00:00,144.4363583842049
2023-10-10 19:00:00,143.43399929701695
2023-10-10 20:00:00,140.2950272215555
2023-10-10 21:00:00,140.98382743623267
2023-10-10 22:00:00,140.56665943723627
2023-10-10 23:00:00,134.93877980087154
2023-10-11 00:00:00,121.80132263722328
2023-10-11 01:00:00,113.09276416436218
2023-10-11 02:00:00,106.55448265268129
2023-10-11 03:00:00,103.71495395607687
2023-10-11 04:00:00,104.66203280635074
2023-10-11 05:00:00,107.34336350420796
2023-10-11 06:00:00,122.60020741703308
2023-10-11 07:00:00,139.7023658688553
2023-10-11 08:00:00,152.72852778243873
2023-10-11 09:00:00,161.57688529268532
2023-10-11 10:00:00,166.8291013046957
2023-10-11 11:00:00,167.80715794706592
2023-10-11 12:00:00,165.69819149185625
2023-10-11 13:00:00,169.30995302269568
2023-10-11 14:00:00,168.13447370335186
2023-10-11 15:00:00,162.41061010261924
2023-10-11 16:00:00,160.5291672721291
2023-10-11 17:00:00,150.98202581379127
2023-10-11 18:00:00,143.82901314209812
2023-10-11 19:00:00,142.54571885959425
2023-10-11 20:00:00,136.690886094212
2023-10-11 21:00:00,131.40242717757752
2023-10-11 22:00:00,127.03529028848412
2023-10-11 23:00:00,127.41620497452271
2023-10-12 00:00:00,122.77786576123148
2023-10-12 01:00:00,117.541086660195
2023-10-12 02:00:00,112.17109016961074
2023-10-12 03:00:00,108.17120073555688
2023-10-12 04:00:00,104.80334008887185
2023-10-12 05:00:00,107.88582339830685
2023-10-12 06:00:00,119.33895207835448
2023-10-12 07:00:00,134.18431277100032
2023-10-12 08:00:00,141.43203191033885
2023-10-12 09:00:00,151.10120029262768
2023-10-12 10:00:00,153.55829929276854
2023-10-12 11:00:00,164.0468602196713
2023-10-12 12:00:00,166.721476017057
2023-10-12 13:00:00,168.06033422069714
2023-10-12 14:00:00,168.4149977984337
2023-10-12 15:00:00,168.3388758561276
2023-10-12 16:00:00,163.6774270072919
2023-10-12 17:00:00,159.84385325513324
2023-10-12 18:00:00,156.8931150617695
2023-10-12 19:00:00,155.9290055981283
2023-10-12 20:00:00,144.3878960904959
2023-10-12 21:00:00,138.90460394407512
2023-10-12 22:00:00,128.39346127447502
2023-10-12 23:00:00,121.14215437756896
2023-10-13 00:00:00,120.1932822847899
2023-10-13 01:00:00,112.71689120631393
2023-10-13 02:00:00,108.04370397729807
2023-10-13 03:00:00,102.7466942877931
2023-10-13 04:00:00,101.37816549766161
2023-10-13 05:00:00,108.09868935642969
2023-10-13 06:00:00,118.67287140554372
2023-10-13 07:00:00,131.50711061172515
2023-10-13 08:00:00,135.8116028404857
2023-10-13 09:00:00,138.35565629889905
2023-10-13 10:00:00,143.40348165792483
2023-10-13 11:00:00,147.18722987471884
2023-10-13 12:00:00,155.67375959120486
2023-10-13 13:00:00,162.48781051344235
2023-10-13 14:00:00,167.54112727847485
2023-10-13 15:00:00,168.85313181791514
2023-10-13 16:00:00,166.9133743243351
2023-10-13 17:00:00,159.11244315580907
2023-10-13 18:00:00,152.8579669725924
2023-10-13 19:00:00,145.48042346987185
2023-10-13 20:00:00,138.61094484063904
2023-10-13 21:00:00,135.50101387878814
2023-10-13 22:00:00,128.6477527549297
2023-10-13 23:00:00,118.32394943034373
2023-10-14 00:00:00,109.80627411187713
2023-10-14 01:00:00,106.23879230548543
2023-10-14 02:00:00,101.92746532926186
2023-10-14 03:00:00,101.75040226402908
2023-10-14 04:00:00,101.17022199043862
2023-10-14 05:00:00,104.11767699986473
2023-10-14 06:00:00,111.95996246915483
2023-10-14 07:00:00,122.83165895244558
2023-10-14 08:00:00,126.69738644227256
2023-10-14 09:00:00,129.7017008457466
2023-10-14 10:00:00,130.22553502060543
2023-10-14 11:00:00,128.834696984383
2023-10-14 12:00:00,131.8303844525365
2023-10-14 13:00:00,136.63552717254746
2023-10-14 14:00:00,135.41861660162436
2023-10-14 15:00:00,137.84581925543455
2023-10-14 16:00:00,142.49234142056557
2023-10-14 17:00:00,143.65474640109366
2023-10-14 18:00:00,141.5653078901192
2023-10-14 19:00:00,137.91905959427612
2023-10-14 20:00:00,132.10056750774314
2023-10-14 21:00:00,129.60181059642628
2023-10-14 22:00:00,126.65037253095507
2023-10-14 23:00:00,114.71936431120753
2023-10-15 00:00:00,103.81736150568638
2023-10-15 01:00:00,98.83708946037805
2023-10-15 02:00:00,97.47363545042053
2023-10-15 03:00:00,97.40145038314743
2023-10-15 04:00:00,93.0937393050095
2023-10-15 05:00:00,96.2253073887962
2023-10-15 06:00:00,100.76170003504218
2023-10-15 07:00:00,112.79883193344482
2023-10-15 08:00:00,120.80163176338225
2023-10-15 09:00:00,120.88959344889021
2023-10-15 10:00:00,123.76548722941348
2023-10-15 11:00:00,122.68759453827163
2023-10-15 12:00:00,127.53726883297007
2023-10-15 13:00:00,135.36045475429313
2023-10-15 14:00:00,137.1080973106548
2023-10-15 15:00:00,138.3279073552342
2023-10-15 16:00:00,143.99119492352554
2023-10-15 17:00:00,146.00779341753386
2023-10-15 18:00:00,146.53347715591744
2023-10-15 19:00:00,143.72513934097208
2023-10-15 20:00:00,132.72822805347317
2023-10-15 21:00:00,127.36843767285836
2023-10-15 22:00:00,122.6450426280421
2023-10-15 23:00:00,112.56603129137193
2023-10-16 00:00:00,107.6709910071612
2023-10-16 01:00:00,103.34434380104281
2023-10-16 02:00:00,100.8265345605476
2023-10-16 03:00:00,103.40502348019467
2023-10-16 04:00:00,103.69860019987348
2023-10-16 05:00:00,110.03576822930079
2023-10-16 06:00:00,117.9271694842486
2023-10-16 07:00:00,135.0696762059366
2023-10-16 08:00:00,141.79595469213112
2023-10-16 09:00:00,150.6659610684819
2023-10-16 10:00:00,156.83407440384156
2023-10-16 11:00:00,157.31355883244143
2023-10-16 12:00:00,157.47760651509046
2023-10-16 13:00:00,160.90022721783393
2023-10-16 14:00:00,162.87786419899942
2023-10-16 15:00:00,162.78889171043932
2023-10-16 16:00:00,162.35062005164127
2023-10-16 17:00:00,159.01265232124575
2023-10-16 18:00:00,153.35121054408293
2023-10-16 19:00:00,154.01947419081677
2023-10-16 20:00:00,145.32354417375493
2023-10-16 21:00:00,147.6119790731706
2023-10-16 22:00:00,147.34976111348772
2023-10-16 23:00:00,149.6135851303526
2023-10-17 00:00:00,134.65324458320367
2023-10-17 01:00:00,118.42403901685054
2023-10-17 02:00:00,110.50276947988715
2023-10-17 03:00:00,104.06267117249433
2023-10-17 04:00:00,101.00255223233877
2023-10-17 05:00:00,110.32409342630724
2023-10-17 06:00:00,119.42766629211381
2023-10-17 07:00:00,136.77408884180062
2023-10-17 08:00:00,141.76174142566282
2023-10-17 09:00:00,150.93307607002762
2023-10-17 10:00:00,157.6207905639467
2023-10-17 11:00:00,164.1336005733987
2023-10-17 12:00:00,166.02864424056293
2023-10-17 13:00:00,172.2714490819073
2023-10-17 14:00:00,170.26394090543187
2023-10-17 15:00:00,170.23012568051786
2023-10-17 16:00:00,171.6002363277678
2023-10-17 17:00:00,162.86987820801667
2023-10-17 18:00:00,153.1719196433837
2023-10-17 19:00:00,148.5115653235812
2023-10-17 20:00:00,139.3484308013625
2023-10-17 21:00:00,134.65337816591344
2023-10-17 22:00:00,131.35166808691272
2023-10-17 23:00:00,127.47669183720264
2023-10-18 00:00:00,118.98074350965848
2023-10-18 01:00:00,110.62653753819819
2023-10-18 02:00:00,106.19310979136579
2023-10-18 03:00:00,103.03777078965615
2023-10-18 04:00:00,102.01025326815693
2023-10-18 05:00:00,109.81656995644148
2023-10-18 06:00:00,122.25423334133166
2023-10-18 07:00:00,138.41273942879315
2023-10-18 08:00:00,147.2182981799103
2023-10-18 09:00:00,154.9983924136749
2023-10-18 10:00:00,161.5821649305309
2023-10-18 11:00:00,174.83745522204137
2023-10-18 12:00:00,187.5865074292434
2023-10-18 13:00:00,186.0188882368971
2023-10-18 14:00:00,188.25934661123983
2023-10-18 15:00:00,183.6627035811835
2023-10-18 16:00:00,188.35891114788697
2023-10-18 17:00:00,184.21859973419058
2023-10-18 18:00:00,169.9108338918161
2023-10-18 19:00:00,155.27857771716566
2023-10-18 20:00:00,141.5567560823981
2023-10-18 21:00:00,130.9088583386894
2023-10-18 22:00:00,123.7656920849335
2023-10-18 23:00:00,118.27127863430344
2023-10-19 00:00:00,109.79718646646124
2023-10-19 01:00:00,99.41574462521864
2023-10-19 02:00:00,99.572590241899
2023-10-19 03:00:00,97.47393183022683
2023-10-19 04:00:00,96.68306523154655
2023-10-19 05:00:00,104.21902783416772
2023-10-19 06:00:00,117.06106800308368
2023-10-19 07:00:00,138.09505632834868
2023-10-19 08:00:00,149.08977340117357
2023-10-19 09:00:00,157.25656410389917
2023-10-19 10:00:00,161.46412296069954
2023-10-19 11:00:00,172.87957968479952
2023-10-19 12:00:00,171.51390701423682
2023-10-19 13:00:00,172.19278405477314
2023-10-19 14:00:00,170.14670761360438
2023-10-19 15:00:00,169.62850099986613
2023-10-19 16:00:00,168.78228539308117
2023-10-19 17:00:00,166.68329700705584
2023-10-19 18:00:00,163.92870258621986
2023-10-19 19:00:00,160.08751459170952
2023-10-19 20:00:00,143.82460357325053
2023-10-19 21:00:00,139.75490038002903
2023-10-19 22:00:00,128.1390647328223
2023-10-19 23:00:00,115.72718032321785
2023-10-20 00:00:00,105.76427525641778
2023-10-20 01:00:00,99.16481553628641
2023-10-20 02:00:00,99.41101770742925
2023-10-20 03:00:00,97.93529555735843
2023-10-20 04:00:00,96.89309065952033
2023-10-20 05:00:00,101.29717584925282
2023-10-20 06:00:00,116.20722552289256
2023-10-20 07:00:00,135.35020066153612
2023-10-20 08:00:00,141.66647483491593
2023-10-20 09:00:00,147.5783320700035
2023-10-20 10:00:00,154.23315069048033
2023-10-20 11:00:00,162.3468971124681
2023-10-20 12:00:00,166.86591345379603
2023-10-20 13:00:00,167.7859734112106
2023-10-20 14:00:00,170.75106922921762
2023-10-20 15:00:00,167.88318028126884
2023-10-20 16:00:00,167.44569225539132
2023-10-20 17:00:00,165.77990351987833
2023-10-20 18:00:00,166.169868315124
2023-10-20 19:00:00,162.23189061335788
2023-10-20 20:00:00,153.6779783930325
2023-10-20 21:00:00,146.673190338735
2023-10-20 22:00:00,140.84365627721144
2023-10-20 23:00:00,123.72886999541646
2023-10-21 00:00:00,101.92741652701625
2023-10-21 01:00:00,91.18855203837713
2023-10-21 02:00:00,78.54831076064816
2023-10-21 03:00:00,72.03144278783616
2023-10-21 04:00:00,66.22562212948266
2023-10-21 05:00:00,66.56628683172794
2023-10-21 06:00:00,73.40416447683602
2023-10-21 07:00:00,90.96050517069263
2023-10-21 08:00:00,97.19423504668944
2023-10-21 09:00:00,102.90560884180456
2023-10-21 10:00:00,113.21041348408143
2023-10-21 11:00:00,121.15469600522923
2023-10-21 12:00:00,132.5845735382988
2023-10-21 13:00:00,138.0114597647694
2023-10-21 14:00:00,144.8830760522246
2023-10-21 15:00:00,153.82307652417617
2023-10-21 16:00:00,165.75963281720226
2023-10-21 17:00:00,168.52784177389506
2023-10-21 18:00:00,166.20324677107376
2023-10-21 19:00:00,168.67871373253092
2023-10-21 20:00:00,161.1045122559886
2023-10-21 21:00:00,157.75776284924456
2023-10-21 22:00:00,148.81047269628021
2023-10-21 23:00:00,141.10796564468723
2023-10-22 00:00:00,113.35765714932232
2023-10-22 01:00:00,95.59786201308542
2023-10-22 02:00:00,86.03351562220847
2023-10-22 03:00:00,80.34369209525448
2023-10-22 04:00:00,75.23493280327568
2023-10-22 05:00:00,75.8781636404069
2023-10-22 06:00:00,80.88534749572541
2023-10-22 07:00:00,87.42857480329319
2023-10-22 08:00:00,93.22125351510267
2023-10-22 09:00:00,96.48968259531132
2023-10-22 10:00:00,104.17621373320713
2023-10-22 11:00:00,110.8808269706687
2023-10-22 12:00:00,120.33349097896017
2023-10-22 13:00:00,126.78717902891849
2023-10-22 14:00:00,132.57708792597293
2023-10-22 15:00:00,134.25669010118648
2023-10-22 16:00:00,141.11349605565562
2023-10-22 17:00:00,147.7673204541844
2023-10-22 18:00:00,152.9467900893746
2023-10-22 19:00:00,157.12529678679252
2023-10-22 20:00:00,159.46953566247672
2023-10-22 21:00:00,155.61167537971923
2023-10-22 22:00:00,152.45732673958278
2023-10-22 23:00:00,152.9665883017409
2023-10-23 00:00:00,137.59351754568291
2023-10-23 01:00:00,121.79958036220462
2023-10-23 02:00:00,117.76285383768437
2023-10-23 03:00:00,113.01622083230188
2023-10-23 04:00:00,110.44993654443941
2023-10-23 05:00:00,114.22687948198548
2023-10-23 06:00:00,123.7819192263668
2023-10-23 07:00:00,141.81207973665192
2023-10-23 08:00:00,156.345539103986
2023-10-23 09:00:00,164.93411283414537
2023-10-23 10:00:00,164.31788321419836
2023-10-23 11:00:00,161.2822089437647
2023-10-23 12:00:00,157.98900583515348
2023-10-23 13:00:00,159.47512879775164
2023-10-23 14:00:00,157.98553079411437
2023-10-23 15:00:00,158.31275048524532
2023-10-23 16:00:00,157.57825215148918
2023-10-23 17:00:00,152.66940815491478
2023-10-23 18:00:00,146.9910194052206
2023-10-23 19:00:00,148.2615601572086
2023-10-23 20:00:00,145.63372607492337
2023-10-23 21:00:00,156.10109357861558
2023-10-23 22:00:00,153.36989745647753
2023-10-23 23:00:00,155.23618549665358
2023-10-24 00:00:00,138.93418550288
2023-10-24 01:00:00,115.56755634445153
2023-10-24 02:00:00,107.37582766561977
2023-10-24 03:00:00,107.99134243535441
2023-10-24 04:00:00,103.16720793621748
2023-10-24 05:00:00,112.91749266360154
2023-10-24 06:00:00,123.98756365147365
2023-10-24 07:00:00,137.27518424886247
2023-10-24 08:00:00,151.46722171789258
2023-10-24 09:00:00,165.11974435243044
2023-10-24 10:00:00,172.81665656546787
2023-10-24 11:00:00,173.00621677681923
2023-10-24 12:00:00,166.39918001270854
2023-10-24 13:00:00,169.2883641671036
2023-10-24 14:00:00,166.32934734855175
2023-10-24 15:00:00,166.48139012916565
2023-10-24 16:00:00,165.44502621665941
2023-10-24 17:00:00,155.8562392046676
2023-10-24 18:00:00,149.92954228637248
2023-10-24 19:00:00,148.28360419662403
2023-10-24 20:00:00,140.63348922714215
2023-10-24 21:00:00,140.94760072466482
2023-10-24 22:00:00,138.49798643291697
2023-10-24 23:00:00,130.77306701681363
2023-10-25 00:00:00,115.82879745302057
2023-10-25 01:00:00,101.50268554151339
2023-10-25 02:00:00,98.1324403968908
2023-10-25 03:00:00,94.12676720739168
2023-10-25 04:00:00,85.86202416374226
2023-10-25 05:00:00,90.32846685346476
2023-10-25 06:00:00,111.94618235507549
2023-10-25 07:00:00,135.46787634163567
2023-10-25 08:00:00,140.360863254516
2023-10-25 09:00:00,151.52287799591497
2023-10-25 10:00:00,158.63127365261863
2023-10-25 11:00:00,170.0672957608259
2023-10-25 12:00:00,174.45747306116405
2023-10-25 13:00:00,188.64414688136458
2023-10-25 14:00:00,189.2762630032413
2023-10-25 15:00:00,187.19637529688615
2023-10-25 16:00:00,189.06452094973946
2023-10-25 17:00:00,175.91688115901968
2023-10-25 18:00:00,166.76711304486213
2023-10-25 19:00:00,148.05712898848032
2023-10-25 20:00:00,130.7218014856793
2023-10-25 21:00:00,117.85747614954829
2023-10-25 22:00:00,107.0821783751536
2023-10-25 23:00:00,97.09938005857313
2023-10-26 00:00:00,93.48927914683614
2023-10-26 01:00:00,80.2450631708009
2023-10-26 02:00:00,73.32543830315271
2023-10-26 03:00:00,66.82592371906829
2023-10-26 04:00:00,68.35004648878736
2023-10-26 05:00:00,76.36020683516603
2023-10-26 06:00:00,90.82017805326522
2023-10-26 07:00:00,125.7677650043809
2023-10-26 08:00:00,131.60204679479995
2023-10-26 09:00:00,131.2580947280256
2023-10-26 10:00:00,128.699173324332
2023-10-26 11:00:00,128.0076410856833
2023-10-26 12:00:00,134.34843021151818
2023-10-26 13:00:00,134.68526125594374
2023-10-26 14:00:00,142.42331079715657
2023-10-26 15:00:00,155.0905211621107
2023-10-26 16:00:00,163.6177315726915
2023-10-26 17:00:00,163.07855385868876
2023-10-26 18:00:00,159.3321705844536
2023-10-26 19:00:00,138.94094329365652
2023-10-26 20:00:00,127.77481092329201
2023-10-26 21:00:00,113.54941374588161
2023-10-26 22:00:00,103.36212804888487
2023-10-26 23:00:00,96.39366267099962
2023-10-27 00:00:00,91.52962892300894
2023-10-27 01:00:00,82.58232257115372
2023-10-27 02:00:00,77.59124337980039
2023-10-27 03:00:00,70.48704213415198
2023-10-27 04:00:00,65.70970748203163
2023-10-27 05:00:00,74.56034848772784
2023-10-27 06:00:00,89.15629606081005
2023-10-27 07:00:00,124.16958658011396
2023-10-27 08:00:00,131.10117306253704
2023-10-27 09:00:00,131.946675737523
2023-10-27 10:00:00,130.19711447854183
2023-10-27 11:00:00,130.07878306573846
2023-10-27 12:00:00,134.13881206394743
2023-10-27 13:00:00,137.1630029325803
2023-10-27 14:00:00,143.33751185248508
2023-10-27 15:00:00,151.63918198205286
2023-10-27 16:00:00,155.99703983437044
2023-10-27 17:00:00,159.57792583368266
2023-10-27 18:00:00,151.48971928665105
2023-10-27 19:00:00,140.53864027868434
2023-10-27 20:00:00,124.4204678266488
2023-10-27 21:00:00,111.9685120932956
2023-10-27 22:00:00,102.19911801774029
2023-10-27 23:00:00,96.13999499673155
2023-10-28 00:00:00,87.26799201731573
2023-10-28 01:00:00,81.85212750188964
2023-10-28 02:00:00,80.42657970784187
2023-10-28 03:00:00,75.02346389710817
2023-10-28 04:00:00,67.97356409347361
2023-10-28 05:00:00,72.2623908797558
2023-10-28 06:00:00,80.35326299508785
2023-10-28 07:00:00,93.75884098021619
2023-10-28 08:00:00,102.94685579169997
2023-10-28 09:00:00,116.03150752304184
2023-10-28 10:00:00,118.40314203988201
2023-10-28 11:00:00,116.6852806529198
2023-10-28 12:00:00,122.68442836685902
2023-10-28 13:00:00,128.30703571277533
2023-10-28 14:00:00,130.2520484070786
2023-10-28 15:00:00,131.81679607949047
2023-10-28 16:00:00,131.9676980818412
2023-10-28 17:00:00,126.74924403391884
2023-10-28 18:00:00,124.39458532562143
2023-10-28 19:00:00,125.70850049040841
2023-10-28 20:00:00,113.31960096258466
2023-10-28 21:00:00,106.64560662791126
2023-10-28 22:00:00,98.2867917066801
2023-10-28 23:00:00,90.18827874745051
2023-10-29 00:00:00,86.6569035655092
2023-10-29 01:00:00,79.21006602571697
2023-10-29 02:00:00,78.17638789794677
2023-10-29 03:00:00,75.84554162394842
2023-10-29 04:00:00,72.06660064055566
2023-10-29 05:00:00,74.79594677711553
2023-10-29 06:00:00,80.92612935924438
2023-10-29 07:00:00,85.62378781605047
2023-10-29 08:00:00,91.90231295437681
2023-10-29 09:00:00,97.52663392195937
2023-10-29 10:00:00,106.41142582639614
2023-10-29 11:00:00,111.99396025201621
2023-10-29 12:00:00,117.55186333476384
2023-10-29 13:00:00,121.73584643700282
2023-10-29 14:00:00,125.8592525118662
2023-10-29 15:00:00,125.36144174615002
2023-10-29 16:00:00,126.71977210768972
2023-10-29 17:00:00,118.27241145848622
2023-10-29 18:00:00,112.04857176298518
2023-10-29 19:00:00,113.05775220248034
2023-10-29 20:00:00,107.49517911856931
2023-10-29 21:00:00,103.73903495035307
2023-10-29 22:00:00,95.0551332257271
2023-10-29 23:00:00,85.17047721232996
2023-10-30 00:00:00,86.14016311284692
2023-10-30 01:00:00,86.89371182108344
2023-10-30 02:00:00,89.04548226534908
2023-10-30 03:00:00,88.40237205174294
2023-10-30 04:00:00,86.65308171809663
2023-10-30 05:00:00,94.53854402840325
2023-10-30 06:00:00,112.20297246936319
2023-10-30 07:00:00,139.8717694482336
2023-10-30 08:00:00,157.2285960122332
2023-10-30 09:00:00,165.95915514680914
2023-10-30 10:00:00,163.47073167481625
2023-10-30 11:00:00,160.08516770882568
2023-10-30 12:00:00,155.6252417605573
2023-10-30 13:00:00,154.1137510609993
2023-10-30 14:00:00,152.92021913880487
2023-10-30 15:00:00,151.85047579224295
2023-10-30 16:00:00,147.27958373900634
2023-10-30 17:00:00,137.93578065357417
2023-10-30 18:00:00,127.64437510369714
2023-10-30 19:00:00,115.89390988196475
2023-10-30 20:00:00,101.21762041366576
2023-10-30 21:00:00,91.63138667602745
2023-10-30 22:00:00,83.34448541132753
2023-10-30 23:00:00,82.76380228445946
2023-10-31 00:00:00,86.01714091112869
2023-10-31 01:00:00,86.57416424588862
2023-10-31 02:00:00,88.92254680774333
2023-10-31 03:00:00,89.84673304910635
2023-10-31 04:00:00,90.49612051673573
2023-10-31 05:00:00,97.39743376051702
2023-10-31 06:00:00,117.16835936507508
2023-10-31 07:00:00,139.922193351025
2023-10-31 08:00:00,156.13497547674675
2023-10-31 09:00:00,169.16702689173482
2023-10-31 10:00:00,171.56390045785147
2023-10-31 11:00:00,164.54120123281413
2023-10-31 12:00:00,162.443923834529
2023-10-31 13:00:00,161.24878710805098
2023-10-31 14:00:00,155.2060034186634
2023-10-31 15:00:00,160.2309226125532
2023-10-31 16:00:00,155.7843387475844
2023-10-31 17:00:00,148.98530634150265
2023-10-31 18:00:00,141.9185084551048
2023-10-31 19:00:00,131.6275602590907
2023-10-31 20:00:00,120.4603785724294
2023-10-31 21:00:00,107.85295979207454
2023-10-31 22:00:00,103.11216690271267
2023-10-31 23:00:00,100.40366045641217
2023-11-01 00:00:00,102.80504408634086
2023-11-01 01:00:00,102.41053403251
2023-11-01 02:00:00,105.27815250013597
2023-11-01 03:00:00,105.23625719680746
2023-11-01 04:00:00,103.025942169886
2023-11-01 05:00:00,108.5961099692106
2023-11-01 06:00:00,122.59433643278078
2023-11-01 07:00:00,142.46238696008297
2023-11-01 08:00:00,157.82533902853368
2023-11-01 09:00:00,168.31741527758115
2023-11-01 10:00:00,171.08634785624497
2023-11-01 11:00:00,169.37005144386958
2023-11-01 12:00:00,167.70022617317838
2023-11-01 13:00:00,168.8066271587452
2023-11-01 14:00:00,164.08376629011778
2023-11-01 15:00:00,161.79114345521575
2023-11-01 16:00:00,159.4072622149371
2023-11-01 17:00:00,150.47753656111044
2023-11-01 18:00:00,146.70275863328794
2023-11-01 19:00:00,141.86224456511255
2023-11-01 20:00:00,124.66003509073812
2023-11-01 21:00:00,114.87154463624907
2023-11-01 22:00:00,106.71326716164825
2023-11-01 23:00:00,106.11770837452416
2023-11-02 00:00:00,103.46718031528549
2023-11-02 01:00:00,104.68341179786242
2023-11-02 02:00:00,107.31134993180419
2023-11-02 03:00:00,107.35355772586291
2023-11-02 04:00:00,106.18472780067934
2023-11-02 05:00:00,110.7045374765042
2023-11-02 06:00:00,124.16139430454506
2023-11-02 07:00:00,143.09309032152697
2023-11-02 08:00:00,153.9056936463476
2023-11-02 09:00:00,164.949799970577
2023-11-02 10:00:00,167.52226081008905
2023-11-02 11:00:00,170.90291028096107
2023-11-02 12:00:00,170.00198826338968
2023-11-02 13:00:00,168.1952699470488
2023-11-02 14:00:00,168.67580732864874
2023-11-02 15:00:00,168.30487599628933
2023-11-02 16:00:00,161.46545011334527
2023-11-02 17:00:00,156.94559407211207
2023-11-02 18:00:00,150.55313114232882
2023-11-02 19:00:00,149.1679875339334
2023-11-02 20:00:00,137.955515963076
2023-11-02 21:00:00,126.73326938208453
2023-11-02 22:00:00,117.47090699360572
2023-11-02 23:00:00,110.56584379696079
2023-11-03 00:00:00,107.29688460996584
2023-11-03 01:00:00,104.72439456298443
2023-11-03 02:00:00,107.5969177772121
2023-11-03 03:00:00,107.91076426403903
2023-11-03 04:00:00,107.68481814917811
2023-11-03 05:00:00,111.63161889675494
2023-11-03 06:00:00,123.0055418964901
2023-11-03 07:00:00,138.28883888043958
2023-11-03 08:00:00,147.0693929947289
2023-11-03 09:00:00,155.0371235520381
2023-11-03 10:00:00,160.83235383750414
2023-11-03 11:00:00,165.89912022772987
2023-11-03 12:00:00,162.57516227417446
2023-11-03 13:00:00,163.82566910059208
2023-11-03 14:00:00,163.14989569510374
2023-11-03 15:00:00,163.11682942165095
2023-11-03 16:00:00,163.9805561573147
2023-11-03 17:00:00,157.61503421541636
2023-11-03 18:00:00,148.67161373566088
2023-11-03 19:00:00,146.21690139736342
2023-11-03 20:00:00,139.38423048887202
2023-11-03 21:00:00,127.97296466171724
2023-11-03 22:00:00,114.6304659192747
2023-11-03 23:00:00,111.36068371519892
2023-11-04 00:00:00,104.50644046446033
2023-11-04 01:00:00,99.12368394422745
2023-11-04 02:00:00,98.90899831921081
2023-11-04 03:00:00,97.47650716762692
2023-11-04 04:00:00,97.06828022598461
2023-11-04 05:00:00,100.41379959734273
2023-11-04 06:00:00,110.8306380559729
2023-11-04 07:00:00,125.4994764684688
2023-11-04 08:00:00,127.4722470384486
2023-11-04 09:00:00,132.11527597725484
2023-11-04 10:00:00,136.32615724078684
2023-11-04 11:00:00,137.78750619881694
2023-11-04 12:00:00,144.72136628839942
2023-11-04 13:00:00,149.67639449678623
2023-11-04 14:00:00,154.9562257237889
2023-11-04 15:00:00,158.9606629009626
2023-11-04 16:00:00,159.80320197093457
2023-11-04 17:00:00,153.10055875262296
2023-11-04 18:00:00,144.29910513476196
2023-11-04 19:00:00,143.4657934320316
2023-11-04 20:00:00,139.92820579806406
2023-11-04 21:00:00,128.25142951967194
2023-11-04 22:00:00,115.16401190545396
2023-11-04 23:00:00,108.66296538774729
2023-11-05 00:00:00,103.54710359782895
2023-11-05 01:00:00,100.26456984946597
2023-11-05 02:00:00,100.04923373921451
2023-11-05 03:00:00,99.85815002311303
2023-11-05 04:00:00,98.79699757427443
2023-11-05 05:00:00,100.36251303422391
2023-11-05 06:00:00,105.46532794647283
2023-11-05 07:00:00,115.50869585892534
2023-11-05 08:00:00,121.6030707874202
2023-11-05 09:00:00,127.68297225559886
2023-11-05 10:00:00,134.78113843711307
2023-11-05 11:00:00,133.9908118785739
2023-11-05 12:00:00,137.3754511115557
2023-11-05 13:00:00,141.74715884828717
2023-11-05 14:00:00,143.17714625938763
2023-11-05 15:00:00,150.2413226901766
2023-11-05 16:00:00,151.85686012324206
2023-11-05 17:00:00,148.64091449796646
2023-11-05 18:00:00,150.3806928411153
2023-11-05 19:00:00,150.39487271338984
2023-11-05 20:00:00,144.29833454284784
2023-11-05 21:00:00,139.94286828366714
2023-11-05 22:00:00,129.12207157334228
2023-11-05 23:00:00,112.41641597699781
2023-11-06 00:00:00,111.28173234532937
2023-11-06 01:00:00,108.09543163665651
2023-11-06 02:00:00,109.70718490194953
2023-11-06 03:00:00,110.11776576636153
2023-11-06 04:00:00,109.24122703671216
2023-11-06 05:00:00,115.99711140536883
2023-11-06 06:00:00,125.41278611537956
2023-11-06 07:00:00,141.683114961385
2023-11-06 08:00:00,154.033016316837
2023-11-06 09:00:00,165.80713594340799
2023-11-06 10:00:00,163.98905645128062
2023-11-06 11:00:00,162.45170203046095
2023-11-06 12:00:00,162.62785006817526
2023-11-06 13:00:00,162.56982051737916
2023-11-06 14:00:00,160.6397380377384
2023-11-06 15:00:00,160.3402478597121
2023-11-06 16:00:00,161.48546123083216
2023-11-06 17:00:00,154.76176600231557
2023-11-06 18:00:00,156.1972384554573
2023-11-06 19:00:00,155.80368739826952
2023-11-06 20:00:00,143.5470345236625
2023-11-06 21:00:00,148.1007177677696
2023-11-06 22:00:00,150.8316421420591
2023-11-06 23:00:00,154.23959272501918
2023-11-07 00:00:00,142.14747972921333
2023-11-07 01:00:00,120.94238489103634
2023-11-07 02:00:00,117.85722099398045
2023-11-07 03:00:00,114.31902250478831
2023-11-07 04:00:00,112.60741389666347
2023-11-07 05:00:00,121.17420979457043
2023-11-07 06:00:00,129.43193143862044
2023-11-07 07:00:00,142.70180184267784
2023-11-07 08:00:00,158.83731811116425
2023-11-07 09:00:00,170.47514935455274
2023-11-07 10:00:00,169.6248441608431
2023-11-07 11:00:00,167.89522591099498
2023-11-07 12:00:00,170.53323194341777
2023-11-07 13:00:00,167.526428069757
2023-11-07 14:00:00,160.23401697673503
2023-11-07 15:00:00,158.56327868047387
2023-11-07 16:00:00,161.54663819956352
2023-11-07 17:00:00,153.6154796451957
2023-11-07 18:00:00,153.31269147078515
2023-11-07 19:00:00,153.57888371628678
2023-11-07 20:00:00,142.16764743930372
2023-11-07 21:00:00,139.62992441442557
2023-11-07 22:00:00,140.61650275266393
2023-11-07 23:00:00,143.35670849071712
2023-11-08 00:00:00,132.55223197124806
2023-11-08 01:00:00,117.68908320448672
2023-11-08 02:00:00,114.0956938910811
2023-11-08 03:00:00,111.91491050125748
2023-11-08 04:00:00,111.0125872130677
2023-11-08 05:00:00,117.07165135504702
2023-11-08 06:00:00,126.6203200669251
2023-11-08 07:00:00,141.9114385886834
2023-11-08 08:00:00,156.2526188083446
2023-11-08 09:00:00,168.0569277379824
2023-11-08 10:00:00,169.19283338554547
2023-11-08 11:00:00,172.19309239266937
2023-11-08 12:00:00,171.1291109849981
2023-11-08 13:00:00,168.8167514056382
2023-11-08 14:00:00,162.66660540346984
2023-11-08 15:00:00,160.61683891851814
2023-11-08 16:00:00,165.56529384068804
2023-11-08 17:00:00,155.71660657062662
2023-11-08 18:00:00,149.8450067909265
2023-11-08 19:00:00,152.88457780647386
2023-11-08 20:00:00,143.12913731003746
2023-11-08 21:00:00,145.32366923469476
2023-11-08 22:00:00,151.62089224709115
2023-11-08 23:00:00,153.82032399960312
2023-11-09 00:00:00,144.80343427730114
2023-11-09 01:00:00,123.40449987637083
2023-11-09 02:00:00,120.11584021919221
2023-11-09 03:00:00,116.36377753338992
2023-11-09 04:00:00,112.89276294386879
2023-11-09 05:00:00,120.76027482952956
2023-11-09 06:00:00,127.44065618173767
2023-11-09 07:00:00,142.8627267526924
2023-11-09 08:00:00,155.5775146704131
2023-11-09 09:00:00,167.18393581850503
2023-11-09 10:00:00,166.43990019883452
2023-11-09 11:00:00,168.22907220832093
2023-11-09 12:00:00,168.42313161742499
2023-11-09 13:00:00,168.82070835371647
2023-11-09 14:00:00,166.4948429898273
2023-11-09 15:00:00,160.07550369366658
2023-11-09 16:00:00,160.68121074233545
2023-11-09 17:00:00,157.13675143382142
2023-11-09 18:00:00,150.6914057176147
2023-11-09 19:00:00,150.5506053504924
2023-11-09 20:00:00,144.6802332081646
2023-11-09 21:00:00,147.03514100271664
2023-11-09 22:00:00,152.5301580132037
2023-11-09 23:00:00,154.51223740288413
2023-11-10 00:00:00,146.55597111188888
2023-11-10 01:00:00,125.56202840498376
2023-11-10 02:00:00,121.98130736772768
2023-11-10 03:00:00,121.16462919038624
2023-11-10 04:00:00,119.82015304881226
2023-11-10 05:00:00,122.83883227512948
2023-11-10 06:00:00,127.6906588417589
2023-11-10 07:00:00,137.78109744242545
2023-11-10 08:00:00,146.88843136580357
2023-11-10 09:00:00,154.75888492009295
2023-11-10 10:00:00,159.62526523322384
2023-11-10 11:00:00,158.45852561985413
2023-11-10 12:00:00,159.3902071225893
2023-11-10 13:00:00,159.6718016371627
2023-11-10 14:00:00,158.4734956623945
2023-11-10 15:00:00,155.84840439407836
2023-11-10 16:00:00,161.20933788222263
2023-11-10 17:00:00,157.87704942211067
2023-11-10 18:00:00,152.68404406999
2023-11-10 19:00:00,145.8467344751728
2023-11-10 20:00:00,140.80568524971105
2023-11-10 21:00:00,138.99314459218934
2023-11-10 22:00:00,138.8783256100777
2023-11-10 23:00:00,141.89429189452053
2023-11-11 00:00:00,137.40955642346535
2023-11-11 01:00:00,120.30187497013502
2023-11-11 02:00:00,113.11235012324983
2023-11-11 03:00:00,111.05659522282747
2023-11-11 04:00:00,110.76537556228786
2023-11-11 05:00:00,113.62782218158434
2023-11-11 06:00:00,117.83316470742875
2023-11-11 07:00:00,122.6086180706233
2023-11-11 08:00:00,125.17358836923829
2023-11-11 09:00:00,130.66044907989905
2023-11-11 10:00:00,132.75561224185427
2023-11-11 11:00:00,129.960784003025
2023-11-11 12:00:00,132.28012148036217
2023-11-11 13:00:00,134.90313437048152
2023-11-11 14:00:00,134.6836984398668
2023-11-11 15:00:00,134.8998286009077
2023-11-11 16:00:00,139.21132259868463
2023-11-11 17:00:00,140.108911746797
2023-11-11 18:00:00,140.99856681334612
2023-11-11 19:00:00,141.82452775876186
2023-11-11 20:00:00,137.5154893422246
2023-11-11 21:00:00,137.438170790833
2023-11-11 22:00:00,139.46922899731794
2023-11-11 23:00:00,142.2109893776591
2023-11-12 00:00:00,136.58225112174128
2023-11-12 01:00:00,118.9532427140819
2023-11-12 02:00:00,107.26888584101363
2023-11-12 03:00:00,100.6791026390302
2023-11-12 04:00:00,99.05858276284181
2023-11-12 05:00:00,103.68144596611326
2023-11-12 06:00:00,112.1375907295909
2023-11-12 07:00:00,121.97534449755746
2023-11-12 08:00:00,121.83767849854
2023-11-12 09:00:00,124.67265587307877
2023-11-12 10:00:00,128.54842911362633
2023-11-12 11:00:00,127.01416958858778
2023-11-12 12:00:00,129.29676656347007
2023-11-12 13:00:00,134.14226003738528
2023-11-12 14:00:00,134.16724413408608
2023-11-12 15:00:00,134.2607192763777
2023-11-12 16:00:00,135.398057312631
2023-11-12 17:00:00,133.17675667107997
2023-11-12 18:00:00,132.86974904153436
2023-11-12 19:00:00,129.2691053122041
2023-11-12 20:00:00,132.01479894045974
2023-11-12 21:00:00,133.41806863755713
2023-11-12 22:00:00,135.647297205865
2023-11-12 23:00:00,135.25515073584074
2023-11-13 00:00:00,126.87721870419236
2023-11-13 01:00:00,117.23783707070739
2023-11-13 02:00:00,109.07559916302951
2023-11-13 03:00:00,108.21410184884438
2023-11-13 04:00:00,105.61499518684532
2023-11-13 05:00:00,112.67844863865082
2023-11-13 06:00:00,123.04756144985343
2023-11-13 07:00:00,139.51946870020683
2023-11-13 08:00:00,154.17176371984678
2023-11-13 09:00:00,166.0023927832076
2023-11-13 10:00:00,161.38070441504553
2023-11-13 11:00:00,159.2398025953278
2023-11-13 12:00:00,157.8481843209474
2023-11-13 13:00:00,158.38312434976913
2023-11-13 14:00:00,156.59214892845725
2023-11-13 15:00:00,158.01005718083988
2023-11-13 16:00:00,155.35111031965397
2023-11-13 17:00:00,146.97091550260052
2023-11-13 18:00:00,140.40243122830583
2023-11-13 19:00:00,132.95298938501048
2023-11-13 20:00:00,127.43529103199646
2023-11-13 21:00:00,127.82271966254027
2023-11-13 22:00:00,128.55424579062912
2023-11-13 23:00:00,129.12359941150936
2023-11-14 00:00:00,123.53232171993702
2023-11-14 01:00:00,116.97792508630491
2023-11-14 02:00:00,108.49223637517227
2023-11-14 03:00:00,102.4301973510914
2023-11-14 04:00:00,103.70111682199563
2023-11-14 05:00:00,114.32119478760264
2023-11-14 06:00:00,124.81993785464184
2023-11-14 07:00:00,141.5548115390733
2023-11-14 08:00:00,154.15680828012052
2023-11-14 09:00:00,168.64219303270744
2023-11-14 10:00:00,169.409392798001
2023-11-14 11:00:00,167.01895147084622
2023-11-14 12:00:00,165.7425050095059
2023-11-14 13:00:00,165.02945916519053
2023-11-14 14:00:00,164.68534121075
2023-11-14 15:00:00,164.7223705200101
2023-11-14 16:00:00,163.21741737356385
2023-11-14 17:00:00,152.7605835009381
2023-11-14 18:00:00,144.7333879750366
2023-11-14 19:00:00,136.28833347850764
2023-11-14 20:00:00,122.35575573212867
2023-11-14 21:00:00,123.43280249280733
2023-11-14 22:00:00,126.01500522739386
2023-11-14 23:00:00,125.2828164040061
2023-11-15 00:00:00,119.88486015506506
2023-11-15 01:00:00,114.61878214121751
2023-11-15 02:00:00,109.98549813595028
2023-11-15 03:00:00,107.86921270111036
2023-11-15 04:00:00,104.09848984136208
2023-11-15 05:00:00,114.12282453962752
2023-11-15 06:00:00,127.04421543753732
2023-11-15 07:00:00,143.3620551401386
2023-11-15 08:00:00,157.5509556230285
2023-11-15 09:00:00,168.7745142610551
2023-11-15 10:00:00,170.71339096192426
2023-11-15 11:00:00,171.25240119512247
2023-11-15 12:00:00,170.4085631977659
2023-11-15 13:00:00,171.6054640454823
2023-11-15 14:00:00,170.3044876782693
2023-11-15 15:00:00,167.83930108131065
2023-11-15 16:00:00,168.3523696993018
2023-11-15 17:00:00,153.16530645645813
2023-11-15 18:00:00,145.65533998216443
2023-11-15 19:00:00,139.18910570567135
2023-11-15 20:00:00,118.77140594811318
2023-11-15 21:00:00,113.86638466484656
2023-11-15 22:00:00,109.19796007825153
2023-11-15 23:00:00,107.70013856906198
2023-11-16 00:00:00,106.10384559503196
2023-11-16 01:00:00,105.38150122368504
2023-11-16 02:00:00,101.4395107474461
2023-11-16 03:00:00,100.99020746350868
2023-11-16 04:00:00,98.65300344947165
2023-11-16 05:00:00,109.8801479551635
2023-11-16 06:00:00,118.67427265827818
2023-11-16 07:00:00,137.56278194038805
2023-11-16 08:00:00,145.22403699336894
2023-11-16 09:00:00,152.35077061224635
2023-11-16 10:00:00,152.6283125864188
2023-11-16 11:00:00,154.2383691026114
2023-11-16 12:00:00,154.2910088604832
2023-11-16 13:00:00,153.72568626927804
2023-11-16 14:00:00,150.61097604158553
2023-11-16 15:00:00,148.97117195485558
2023-11-16 16:00:00,147.48955254848784
2023-11-16 17:00:00,133.33362841194207
2023-11-16 18:00:00,123.4570908765736
2023-11-16 19:00:00,116.2519147399384
2023-11-16 20:00:00,106.66201220183044
2023-11-16 21:00:00,96.4239194894132
2023-11-16 22:00:00,79.04147034915975
2023-11-16 23:00:00,66.49151437357914
2023-11-17 00:00:00,73.26169795271923
2023-11-17 01:00:00,71.84960063339405
2023-11-17 02:00:00,71.14394407672167
2023-11-17 03:00:00,75.19255371888485
2023-11-17 04:00:00,75.53511648889678
2023-11-17 05:00:00,82.71153351192764
2023-11-17 06:00:00,103.75199303534991
2023-11-17 07:00:00,131.2030594527226
2023-11-17 08:00:00,133.1149062758177
2023-11-17 09:00:00,134.60341414015596
2023-11-17 10:00:00,131.7864655420929
2023-11-17 11:00:00,134.86477512905668
2023-11-17 12:00:00,136.6580590197266
2023-11-17 13:00:00,140.02764258731932
2023-11-17 14:00:00,142.5573472230148
2023-11-17 15:00:00,139.7920743681078
2023-11-17 16:00:00,134.73794730585942
2023-11-17 17:00:00,120.19282753997354
2023-11-17 18:00:00,108.98497332431938
2023-11-17 19:00:00,96.75192770624325
2023-11-17 20:00:00,84.28286128343149
2023-11-17 21:00:00,71.19799769640346
2023-11-17 22:00:00,60.86855559758018
2023-11-17 23:00:00,52.524950977411656
2023-11-18 00:00:00,48.89834674933762
2023-11-18 01:00:00,46.21247100402523
2023-11-18 02:00:00,49.836885131825184
2023-11-18 03:00:00,53.00511867178595
2023-11-18 04:00:00,55.60179371396958
2023-11-18 05:00:00,61.24233633410955
2023-11-18 06:00:00,69.81455872199369
2023-11-18 07:00:00,87.04123904759561
2023-11-18 08:00:00,102.32257584881492
2023-11-18 09:00:00,114.29602876651295
2023-11-18 10:00:00,113.00550581369177
2023-11-18 11:00:00,112.78398157937302
2023-11-18 12:00:00,115.91220710015811
2023-11-18 13:00:00,117.40673370300358
2023-11-18 14:00:00,114.43113052631338
2023-11-18 15:00:00,113.70234140847957
2023-11-18 16:00:00,110.76417179870059
2023-11-18 17:00:00,102.37109255969828
2023-11-18 18:00:00,86.2763443517252
2023-11-18 19:00:00,68.32474929267927
2023-11-18 20:00:00,55.996875400617135
2023-11-18 21:00:00,46.74993961154706
2023-11-18 22:00:00,42.57970142190506
2023-11-18 23:00:00,43.31419917190469
2023-11-19 00:00:00,42.1442454573556
2023-11-19 01:00:00,40.96860661240268
2023-11-19 02:00:00,43.03901831344458
2023-11-19 03:00:00,43.286911916800854
2023-11-19 04:00:00,44.41086769929686
2023-11-19 05:00:00,50.995674765434934
2023-11-19 06:00:00,55.09887240261754
2023-11-19 07:00:00,57.17851223147182
2023-11-19 08:00:00,65.32985023797681
2023-11-19 09:00:00,79.5753496719897
2023-11-19 10:00:00,88.61692010588871
2023-11-19 11:00:00,92.71535871544799
2023-11-19 12:00:00,102.07500999203079
2023-11-19 13:00:00,111.01593804347684
2023-11-19 14:00:00,115.09928591377867
2023-11-19 15:00:00,113.51283772468634
2023-11-19 16:00:00,110.86281772157538
2023-11-19 17:00:00,95.33341894953585
2023-11-19 18:00:00,82.29903988723291
2023-11-19 19:00:00,70.37100715864226
2023-11-19 20:00:00,64.25175059168915
2023-11-19 21:00:00,51.41392604912759
2023-11-19 22:00:00,44.8781971182338
2023-11-19 23:00:00,44.08748043983069
2023-11-20 00:00:00,44.6211307033468
2023-11-20 01:00:00,45.161354376534725
2023-11-20 02:00:00,43.57577229775569
2023-11-20 03:00:00,41.57880688117166
2023-11-20 04:00:00,41.70642122287331
2023-11-20 05:00:00,52.63798425930622
2023-11-20 06:00:00,63.248565043884945
2023-11-20 07:00:00,87.62924375736397
2023-11-20 08:00:00,110.6048208354294
2023-11-20 09:00:00,128.8883490475769
2023-11-20 10:00:00,135.6053714998906
2023-11-20 11:00:00,137.04449042220534
2023-11-20 12:00:00,136.82740041544093
2023-11-20 13:00:00,145.59563324001425
2023-11-20 14:00:00,154.08441014032394
2023-11-20 15:00:00,153.94324192211153
2023-11-20 16:00:00,147.03019721181556
2023-11-20 17:00:00,138.1969323082086
2023-11-20 18:00:00,130.5091370960945
2023-11-20 19:00:00,116.54464340105197
2023-11-20 20:00:00,91.42234968042229
2023-11-20 21:00:00,71.48578939311933
2023-11-20 22:00:00,60.449600851034965
2023-11-20 23:00:00,50.73011225651829
2023-11-21 00:00:00,45.47651137027854
2023-11-21 01:00:00,45.44677571162504
2023-11-21 02:00:00,46.285293994094246
2023-11-21 03:00:00,45.4688223371645
2023-11-21 04:00:00,47.7064836010927
2023-11-21 05:00:00,58.396525079882636
2023-11-21 06:00:00,70.09540049720323
2023-11-21 07:00:00,99.83717469339204
2023-11-21 08:00:00,122.90675166764896
2023-11-21 09:00:00,137.67111432706625
2023-11-21 10:00:00,143.7803170217793
2023-11-21 11:00:00,144.6856161379137
2023-11-21 12:00:00,138.28832000320213
2023-11-21 13:00:00,139.89601924380116
2023-11-21 14:00:00,142.69012106335566
2023-11-21 15:00:00,146.48713086733275
2023-11-21 16:00:00,144.61884504736565
2023-11-21 17:00:00,131.4972483937999
2023-11-21 18:00:00,119.11584485136794
2023-11-21 19:00:00,109.66567391768405
2023-11-21 20:00:00,84.54773323393873
2023-11-21 21:00:00,66.03784843421597
2023-11-21 22:00:00,57.9184444064815
2023-11-21 23:00:00,46.80494156898747
2023-11-22 00:00:00,45.14376074121319
2023-11-22 01:00:00,46.12557243745748
2023-11-22 02:00:00,48.40584367426187
2023-11-22 03:00:00,48.030117282401875
2023-11-22 04:00:00,46.20341166403439
2023-11-22 05:00:00,55.917309993014236
2023-11-22 06:00:00,68.63815847406622
2023-11-22 07:00:00,100.11817075285691
2023-11-22 08:00:00,126.3638566158065
2023-11-22 09:00:00,139.0518198429064
2023-11-22 10:00:00,143.12897252986252
2023-11-22 11:00:00,147.40634305124266
2023-11-22 12:00:00,143.97863262257792
2023-11-22 13:00:00,144.84824008017486
2023-11-22 14:00:00,143.80698994094317
2023-11-22 15:00:00,145.3930634322507
2023-11-22 16:00:00,144.1743001606796
2023-11-22 17:00:00,130.70946796025913
2023-11-22 18:00:00,112.56851974474195
2023-11-22 19:00:00,104.86926812050261
2023-11-22 20:00:00,87.72162739600532
2023-11-22 21:00:00,70.66861390775688
2023-11-22 22:00:00,65.2310341999247
2023-11-22 23:00:00,59.861186379010604
2023-11-23 00:00:00,63.350184386788264
2023-11-23 01:00:00,66.55804020295999
2023-11-23 02:00:00,72.79551088062074
2023-11-23 03:00:00,77.02693938976533
2023-11-23 04:00:00,79.46084586244945
2023-11-23 05:00:00,91.66793617576347
2023-11-23 06:00:00,106.56812430199649
2023-11-23 07:00:00,132.61493805002218
2023-11-23 08:00:00,145.36398164921752
2023-11-23 09:00:00,158.88368186246677
2023-11-23 10:00:00,161.6282057469878
2023-11-23 11:00:00,159.52686943716532
2023-11-23 12:00:00,160.06350880512738
2023-11-23 13:00:00,159.86237931544642
2023-11-23 14:00:00,159.19821160272977
2023-11-23 15:00:00,160.8615237505
2023-11-23 16:00:00,158.74664883665582
2023-11-23 17:00:00,149.8677921267043
2023-11-23 18:00:00,145.27196682484373
2023-11-23 19:00:00,142.56677618257336
2023-11-23 20:00:00,136.95686913594196
2023-11-23 21:00:00,125.8915971949001
2023-11-23 22:00:00,113.4239531358282
2023-11-23 23:00:00,103.44843370066485
2023-11-24 00:00:00,100.54062593902287
2023-11-24 01:00:00,97.93511936867718
2023-11-24 02:00:00,102.46281761321424
2023-11-24 03:00:00,104.76968087456163
2023-11-24 04:00:00,106.42944387872143
2023-11-24 05:00:00,110.36486740292138
2023-11-24 06:00:00,120.37814729916674
2023-11-24 07:00:00,138.53896168653165
2023-11-24 08:00:00,150.15958850323227
2023-11-24 09:00:00,160.06375339363976
2023-11-24 10:00:00,162.20302044137694
2023-11-24 11:00:00,161.69394637475884
2023-11-24 12:00:00,164.38609255613147
2023-11-24 13:00:00,162.95555496782978
2023-11-24 14:00:00,160.7633804646447
2023-11-24 15:00:00,166.72974239523867
2023-11-24 16:00:00,160.77436844449872
2023-11-24 17:00:00,152.91234300148105
2023-11-24 18:00:00,144.31560465339308
2023-11-24 19:00:00,143.33970595876912
2023-11-24 20:00:00,130.92067633461716
2023-11-24 21:00:00,113.36927184389413
2023-11-24 22:00:00,104.27991876168731
2023-11-24 23:00:00,93.63407326369713
2023-11-25 00:00:00,89.37591146464968
2023-11-25 01:00:00,85.65792595020471
2023-11-25 02:00:00,83.03418245943448
2023-11-25 03:00:00,81.9784999659268
2023-11-25 04:00:00,77.9543143419185
2023-11-25 05:00:00,83.49805275374217
2023-11-25 06:00:00,90.20306256524701
2023-11-25 07:00:00,101.13766239552596
2023-11-25 08:00:00,112.75636390798283
2023-11-25 09:00:00,120.65836160779877
2023-11-25 10:00:00,122.33178929230738
2023-11-25 11:00:00,121.18442303945281
2023-11-25 12:00:00,123.58841432074
2023-11-25 13:00:00,122.70404567127808
2023-11-25 14:00:00,115.43480408791552
2023-11-25 15:00:00,116.22641124311734
2023-11-25 16:00:00,119.18673498485461
2023-11-25 17:00:00,108.3777916711601
2023-11-25 18:00:00,98.39036734383164
2023-11-25 19:00:00,87.6250830139018
2023-11-25 20:00:00,75.33614390933224
2023-11-25 21:00:00,62.550442440619435
2023-11-25 22:00:00,50.34116870847104
2023-11-25 23:00:00,43.021134815555264
2023-11-26 00:00:00,46.86210176525473
2023-11-26 01:00:00,46.34464768583588
2023-11-26 02:00:00,45.81919369859199
2023-11-26 03:00:00,48.75299794703298
2023-11-26 04:00:00,50.88284177582745
2023-11-26 05:00:00,59.28467413832998
2023-11-26 06:00:00,63.25456559239074
2023-11-26 07:00:00,69.91286544022624
2023-11-26 08:00:00,86.11171996127929
2023-11-26 09:00:00,99.19872786746414
2023-11-26 10:00:00,109.19747925772096
2023-11-26 11:00:00,112.80607656464403
2023-11-26 12:00:00,114.13546776121777
2023-11-26 13:00:00,111.94268266492007
2023-11-26 14:00:00,104.79616282513453
2023-11-26 15:00:00,100.12357218718239
2023-11-26 16:00:00,95.71343071939603
2023-11-26 17:00:00,83.6846666912636
2023-11-26 18:00:00,70.4306593099564
2023-11-26 19:00:00,60.992323343545266
2023-11-26 20:00:00,53.06044380182061
2023-11-26 21:00:00,47.699542596490566
2023-11-26 22:00:00,45.53267477647713
2023-11-26 23:00:00,40.443500657098326
2023-11-27 00:00:00,44.31695755335193
2023-11-27 01:00:00,44.451096697916086
2023-11-27 02:00:00,46.51330962861948
2023-11-27 03:00:00,45.402631315039564
2023-11-27 04:00:00,44.044495178192626
2023-11-27 05:00:00,56.03389735453509
2023-11-27 06:00:00,67.52149496456457
2023-11-27 07:00:00,92.80147367446394
2023-11-27 08:00:00,117.14715705544273
2023-11-27 09:00:00,133.69181629774516
2023-11-27 10:00:00,139.48019903624586
2023-11-27 11:00:00,142.2934467986311
2023-11-27 12:00:00,143.01198684875078
2023-11-27 13:00:00,143.35161707512205
2023-11-27 14:00:00,142.09214141445665
2023-11-27 15:00:00,137.28019672184317
2023-11-27 16:00:00,132.82956787001706
2023-11-27 17:00:00,115.43896991257616
2023-11-27 18:00:00,98.26632736048582
2023-11-27 19:00:00,79.49870708216156
2023-11-27 20:00:00,67.69576082194962
2023-11-27 21:00:00,56.84440338707459
2023-11-27 22:00:00,44.43071929071483
2023-11-27 23:00:00,41.438927769678656
2023-11-28 00:00:00,45.958788031101435
2023-11-28 01:00:00,44.05409401534175
2023-11-28 02:00:00,44.46478232832284
2023-11-28 03:00:00,43.83783838340716
2023-11-28 04:00:00,41.475363010945166
2023-11-28 05:00:00,55.1988823378542
2023-11-28 06:00:00,70.42133588415761
2023-11-28 07:00:00,103.382671209409
2023-11-28 08:00:00,130.73601420331525
2023-11-28 09:00:00,141.46468981506413
2023-11-28 10:00:00,147.05462948444318
2023-11-28 11:00:00,148.35729228965914
2023-11-28 12:00:00,147.28993932472957
2023-11-28 13:00:00,147.6111649109525
2023-11-28 14:00:00,142.13241728179815
2023-11-28 15:00:00,137.08318212484397
2023-11-28 16:00:00,124.86170003945368
2023-11-28 17:00:00,109.93624517627907
2023-11-28 18:00:00,97.51221209079013
2023-11-28 19:00:00,83.14756004830173
2023-11-28 20:00:00,68.09425776181352
2023-11-28 21:00:00,59.376931670968666
2023-11-28 22:00:00,41.794651451968654
2023-11-28 23:00:00,38.039085546683964
2023-11-29 00:00:00,45.13343128910737
2023-11-29 01:00:00,45.31279701212506
2023-11-29 02:00:00,46.60528837745382
2023-11-29 03:00:00,45.08560771768798
2023-11-29 04:00:00,43.548468458008884
2023-11-29 05:00:00,58.23207787022274
2023-11-29 06:00:00,74.40831234334979
2023-11-29 07:00:00,109.91295194398012
2023-11-29 08:00:00,138.49645270668344
2023-11-29 09:00:00,147.91779668644224
2023-11-29 10:00:00,156.1129853011128
2023-11-29 11:00:00,157.79677669547596
2023-11-29 12:00:00,153.04116544072392
2023-11-29 13:00:00,151.51246754544633
2023-11-29 14:00:00,147.22055061770175
2023-11-29 15:00:00,138.3984878967473
2023-11-29 16:00:00,125.45799130688367
2023-11-29 17:00:00,106.87402133244316
2023-11-29 18:00:00,94.48269144175762
2023-11-29 19:00:00,77.97619969428538
2023-11-29 20:00:00,65.37816658116141
2023-11-29 21:00:00,59.86577462859967
2023-11-29 22:00:00,43.232179037620085
2023-11-29 23:00:00,38.111007195381184
2023-11-30 00:00:00,45.30291380915588
2023-11-30 01:00:00,44.76066606648106
2023-11-30 02:00:00,48.871380696875796
2023-11-30 03:00:00,48.664839509114216
2023-11-30 04:00:00,47.935719404880714
2023-11-30 05:00:00,58.779475032231375
2023-11-30 06:00:00,77.788382861892
2023-11-30 07:00:00,117.65678529423326
2023-11-30 08:00:00,141.10153317900966
2023-11-30 09:00:00,154.85164411415334
2023-11-30 10:00:00,157.57879929594995
2023-11-30 11:00:00,156.16154277354977
2023-11-30 12:00:00,152.4331911572603
2023-11-30 13:00:00,150.07897756113877
2023-11-30 14:00:00,149.4970144706381
2023-11-30 15:00:00,148.6370133276789
2023-11-30 16:00:00,134.5560290252993
2023-11-30 17:00:00,114.7890619180396
2023-11-30 18:00:00,96.38593307436236
2023-11-30 19:00:00,80.54435072918498
2023-11-30 20:00:00,68.39153111660364
2023-11-30 21:00:00,62.969306192063215
2023-11-30 22:00:00,47.610113002905024
2023-11-30 23:00:00,43.30859167893257
2023-12-01 00:00:00,44.833191898518486
2023-12-01 01:00:00,43.57338706305795
2023-12-01 02:00:00,47.646200591494384
2023-12-01 03:00:00,48.51492698951968
2023-12-01 04:00:00,48.85071731648834
2023-12-01 05:00:00,56.933889919609385
2023-12-01 06:00:00,74.93496356573748
2023-12-01 07:00:00,106.2466623843107
2023-12-01 08:00:00,127.20626841692496
2023-12-01 09:00:00,137.51500614688086
2023-12-01 10:00:00,144.26696907856288
2023-12-01 11:00:00,143.7658741631988
2023-12-01 12:00:00,142.43953446670378
2023-12-01 13:00:00,145.05624747148744
2023-12-01 14:00:00,142.15180504046444
2023-12-01 15:00:00,136.98347477219872
2023-12-01 16:00:00,123.87693994357447
2023-12-01 17:00:00,107.18999447282191
2023-12-01 18:00:00,94.41406192611376
2023-12-01 19:00:00,76.42383336751499
2023-12-01 20:00:00,65.52186182412653
2023-12-01 21:00:00,60.53135239100907
2023-12-01 22:00:00,47.76736979971817
2023-12-01 23:00:00,45.65604389660475
2023-12-02 00:00:00,46.154707211987215
2023-12-02 01:00:00,46.29137090751286
2023-12-02 02:00:00,45.515741848716445
2023-12-02 03:00:00,42.757149404546624
2023-12-02 04:00:00,40.131132060300544
2023-12-02 05:00:00,45.54244088620514
2023-12-02 06:00:00,51.9770393349385
2023-12-02 07:00:00,59.17563403214562
2023-12-02 08:00:00,74.13076147983662
2023-12-02 09:00:00,98.8055890208609
2023-12-02 10:00:00,109.77009967781905
2023-12-02 11:00:00,113.60408222412671
2023-12-02 12:00:00,116.54818239081827
2023-12-02 13:00:00,117.31934293380513
2023-12-02 14:00:00,112.27855770427533
2023-12-02 15:00:00,111.82690692062616
2023-12-02 16:00:00,107.97334476363075
2023-12-02 17:00:00,91.6824759527136
2023-12-02 18:00:00,77.91304237943022
2023-12-02 19:00:00,64.84026088427558
2023-12-02 20:00:00,58.46840961851548
2023-12-02 21:00:00,47.850692589885696
2023-12-02 22:00:00,45.493829646147006
2023-12-02 23:00:00,42.921212194330444
2023-12-03 00:00:00,44.94168437678666
2023-12-03 01:00:00,45.08211410841525
2023-12-03 02:00:00,42.834545423601305
2023-12-03 03:00:00,39.24143720895555
2023-12-03 04:00:00,38.302722886830345
2023-12-03 05:00:00,48.26098733807123
2023-12-03 06:00:00,52.15538817015904
2023-12-03 07:00:00,56.93823697638843
2023-12-03 08:00:00,61.020569239047845
2023-12-03 09:00:00,65.41590639584098
2023-12-03 10:00:00,75.20503557377833
2023-12-03 11:00:00,82.30280436255865
2023-12-03 12:00:00,87.04766402433327
2023-12-03 13:00:00,89.06061284210377
2023-12-03 14:00:00,83.59373545205973
2023-12-03 15:00:00,77.81581674694013
2023-12-03 16:00:00,73.56576898093866
2023-12-03 17:00:00,66.19703419766046
2023-12-03 18:00:00,57.53724309634037
2023-12-03 19:00:00,50.93302681148008
2023-12-03 20:00:00,49.090505964161764
2023-12-03 21:00:00,46.677098721454165
2023-12-03 22:00:00,43.33489415045681
2023-12-03 23:00:00,41.45701866690897
2023-12-04 00:00:00,44.35001043546059
2023-12-04 01:00:00,45.762479104736265
2023-12-04 02:00:00,47.36340315749502
2023-12-04 03:00:00,47.33630268166161
2023-12-04 04:00:00,48.57431946812259
2023-12-04 05:00:00,57.438521073550845
2023-12-04 06:00:00,67.53608729370978
2023-12-04 07:00:00,89.1865583708078
2023-12-04 08:00:00,113.52498079377922
2023-12-04 09:00:00,132.27738116539837
2023-12-04 10:00:00,138.47179461303767
2023-12-04 11:00:00,137.449922865737
2023-12-04 12:00:00,136.99539598873457
2023-12-04 13:00:00,135.54703566864546
2023-12-04 14:00:00,131.36984458164048
2023-12-04 15:00:00,122.84779159917797
2023-12-04 16:00:00,113.17633531762202
2023-12-04 17:00:00,94.23475819729798
2023-12-04 18:00:00,79.67796848962739
2023-12-04 19:00:00,68.98453310866648
2023-12-04 20:00:00,61.355786585271254
2023-12-04 21:00:00,49.23902625434708
2023-12-04 22:00:00,43.38796639418063
2023-12-04 23:00:00,40.78481196361099
2023-12-05 00:00:00,43.4876828687896
2023-12-05 01:00:00,42.856974666176946
2023-12-05 02:00:00,43.060921893875104
2023-12-05 03:00:00,45.71519292860569
2023-12-05 04:00:00,47.803351147120914
2023-12-05 05:00:00,60.53704743150562
2023-12-05 06:00:00,77.46638300998899
2023-12-05 07:00:00,110.68592290854296
2023-12-05 08:00:00,137.40762779414428
2023-12-05 09:00:00,149.54027221427074
2023-12-05 10:00:00,156.4737344100152
2023-12-05 11:00:00,158.71127007330603
2023-12-05 12:00:00,150.3347942163781
2023-12-05 13:00:00,148.8307907524569
2023-12-05 14:00:00,144.42118519012732
2023-12-05 15:00:00,139.92350674922875
2023-12-05 16:00:00,130.96719694170343
2023-12-05 17:00:00,117.91358154119416
2023-12-05 18:00:00,98.84280999249697
2023-12-05 19:00:00,81.17055638150842
2023-12-05 20:00:00,65.24422931166232
2023-12-05 21:00:00,58.708728298605834
2023-12-05 22:00:00,44.12829050652043
2023-12-05 23:00:00,43.004290929881755
2023-12-06 00:00:00,43.573417870482444
2023-12-06 01:00:00,46.893092492832494
2023-12-06 02:00:00,50.052812125130046
2023-12-06 03:00:00,49.76240780440563
2023-12-06 04:00:00,53.31368923295552
2023-12-06 05:00:00,62.84413123990878
2023-12-06 06:00:00,79.08198192946816
2023-12-06 07:00:00,110.19939593226917
2023-12-06 08:00:00,140.37701904711508
2023-12-06 09:00:00,154.6625081183618
2023-12-06 10:00:00,160.2156428122715
2023-12-06 11:00:00,160.71813046373538
2023-12-06 12:00:00,157.6577236277293
2023-12-06 13:00:00,156.88752703064011
2023-12-06 14:00:00,149.47438146420254
2023-12-06 15:00:00,146.77049264962653
2023-12-06 16:00:00,136.81220890125724
2023-12-06 17:00:00,117.003351324027
2023-12-06 18:00:00,99.77689627056465
2023-12-06 19:00:00,84.36361333817175
2023-12-06 20:00:00,66.1675472630691
2023-12-06 21:00:00,61.180533700987745
2023-12-06 22:00:00,47.00375176303196
2023-12-06 23:00:00,42.38632301049677
2023-12-07 00:00:00,47.61481938486804
2023-12-07 01:00:00,51.08705174355732
2023-12-07 02:00:00,55.7256152650554
2023-12-07 03:00:00,58.74147234236838
2023-12-07 04:00:00,60.51909283244905
2023-12-07 05:00:00,69.41927172524962
2023-12-07 06:00:00,81.427715116697
2023-12-07 07:00:00,116.73168192246432
2023-12-07 08:00:00,137.7190802232829
2023-12-07 09:00:00,150.80053838385234
2023-12-07 10:00:00,152.46782573819468
2023-12-07 11:00:00,154.7722677627474
2023-12-07 12:00:00,154.5136614192155
2023-12-07 13:00:00,154.18903697991138
2023-12-07 14:00:00,150.9215872035628
2023-12-07 15:00:00,149.18571544858884
2023-12-07 16:00:00,142.03618913191423
2023-12-07 17:00:00,127.00131774984587
2023-12-07 18:00:00,114.40717532996335
2023-12-07 19:00:00,90.54840853060037
2023-12-07 20:00:00,69.78049046256545
2023-12-07 21:00:00,60.27524589532563
2023-12-07 22:00:00,46.37173376622705
2023-12-07 23:00:00,42.19303440420313
2023-12-08 00:00:00,47.631195556732116
2023-12-08 01:00:00,47.88625993384648
2023-12-08 02:00:00,54.15267054172538
2023-12-08 03:00:00,58.23455860794033
2023-12-08 04:00:00,57.35627171786822
2023-12-08 05:00:00,68.23276701767438
2023-12-08 06:00:00,80.73168085242298
2023-12-08 07:00:00,110.81622708935977
2023-12-08 08:00:00,130.49216032609064
2023-12-08 09:00:00,135.56916117205063
2023-12-08 10:00:00,136.37885944508724
2023-12-08 11:00:00,134.03630810966501
2023-12-08 12:00:00,133.35525266804177
2023-12-08 13:00:00,132.51011171083795
2023-12-08 14:00:00,126.02696118679926
2023-12-08 15:00:00,123.91745899842567
2023-12-08 16:00:00,119.54941459163368
2023-12-08 17:00:00,112.3060141147208
2023-12-08 18:00:00,102.84461406300383
2023-12-08 19:00:00,87.0934822594267
2023-12-08 20:00:00,66.19416169955963
2023-12-08 21:00:00,56.298062036061054
2023-12-08 22:00:00,41.89908193989718
2023-12-08 23:00:00,40.47546755863381
2023-12-09 00:00:00,44.31384194159179
2023-12-09 01:00:00,48.78732106999189
2023-12-09 02:00:00,52.847091889467286
2023-12-09 03:00:00,53.93731979383505
2023-12-09 04:00:00,53.48027602931823
2023-12-09 05:00:00,56.81368930722658
2023-12-09 06:00:00,60.075935565200936
2023-12-09 07:00:00,65.16197158082426
2023-12-09 08:00:00,85.69485242184459
2023-12-09 09:00:00,100.77968002729105
2023-12-09 10:00:00,114.86873800112754
2023-12-09 11:00:00,114.6091989837575
2023-12-09 12:00:00,117.70193953371324
2023-12-09 13:00:00,117.07785465235038
2023-12-09 14:00:00,109.67563354289629
2023-12-09 15:00:00,105.56442716500108
2023-12-09 16:00:00,100.5298952767929
2023-12-09 17:00:00,84.8471169044749
2023-12-09 18:00:00,71.37585431094176
2023-12-09 19:00:00,62.00559645454948
2023-12-09 20:00:00,55.2374117901188
2023-12-09 21:00:00,43.57493912653946
2023-12-09 22:00:00,40.32765511521905
2023-12-09 23:00:00,40.8029058113141
2023-12-10 00:00:00,46.56875080135655
2023-12-10 01:00:00,46.34436315969791
2023-12-10 02:00:00,48.52484920139269
2023-12-10 03:00:00,49.192690868072496
2023-12-10 04:00:00,48.931444989863294
2023-12-10 05:00:00,55.57510956121662
2023-12-10 06:00:00,61.91771186383329
2023-12-10 07:00:00,68.40059696363124
2023-12-10 08:00:00,80.07448623820298
2023-12-10 09:00:00,87.76027045042906
2023-12-10 10:00:00,95.44012250888397
2023-12-10 11:00:00,100.3817573147844
2023-12-10 12:00:00,104.40744360265613
2023-12-10 13:00:00,105.50258659351579
2023-12-10 14:00:00,97.66964883142344
2023-12-10 15:00:00,91.85754147769539
2023-12-10 16:00:00,87.31227371907464
2023-12-10 17:00:00,74.11018379723453
2023-12-10 18:00:00,63.73614078314012
2023-12-10 19:00:00,59.18194322065147
2023-12-10 20:00:00,52.97487439494026
2023-12-10 21:00:00,42.35800273466009
2023-12-10 22:00:00,42.70783011831274
2023-12-10 23:00:00,43.537573660958145
2023-12-11 00:00:00,48.28110956166595
2023-12-11 01:00:00,49.41502871827742
2023-12-11 02:00:00,51.225406640652174
2023-12-11 03:00:00,50.646322584262556
2023-12-11 04:00:00,50.17807674633397
2023-12-11 05:00:00,60.774358847539496
2023-12-11 06:00:00,69.95217455605369
2023-12-11 07:00:00,94.26707667824967
2023-12-11 08:00:00,120.01936910606774
2023-12-11 09:00:00,137.80816034494876
2023-12-11 10:00:00,144.0837547538953
2023-12-11 11:00:00,147.0117635132695
2023-12-11 12:00:00,152.1618604238189
2023-12-11 13:00:00,154.73347833225975
2023-12-11 14:00:00,150.33907124811319
2023-12-11 15:00:00,150.08448609939725
2023-12-11 16:00:00,142.73023941261738
2023-12-11 17:00:00,127.24566263908426
2023-12-11 18:00:00,105.20140579495974
2023-12-11 19:00:00,84.63711649519522
2023-12-11 20:00:00,67.06850929193325
2023-12-11 21:00:00,56.05692337216136
2023-12-11 22:00:00,42.74210588412045
2023-12-11 23:00:00,40.16087171405111
2023-12-12 00:00:00,46.04550137383416
2023-12-12 01:00:00,47.28207689771973
2023-12-12 02:00:00,50.21407158559706
2023-12-12 03:00:00,49.89819126764764
2023-12-12 04:00:00,49.079539392064646
2023-12-12 05:00:00,58.59635784948253
2023-12-12 06:00:00,73.35200082897421
2023-12-12 07:00:00,105.2734050934795
2023-12-12 08:00:00,128.06039312949343
2023-12-12 09:00:00,141.85711408745536
2023-12-12 10:00:00,147.21399524174424
2023-12-12 11:00:00,149.55683242470175
2023-12-12 12:00:00,146.84965548755216
2023-12-12 13:00:00,149.85235626133635
2023-12-12 14:00:00,146.8859554733455
2023-12-12 15:00:00,142.56378867259974
2023-12-12 16:00:00,138.74693775068516
2023-12-12 17:00:00,121.34452916060658
2023-12-12 18:00:00,106.26321633447215
2023-12-12 19:00:00,91.29553404612193
2023-12-12 20:00:00,72.55296657284823
2023-12-12 21:00:00,64.61392108202679
2023-12-12 22:00:00,53.57241977087248
2023-12-12 23:00:00,39.09232368864883
2023-12-13 00:00:00,43.47733954799613
2023-12-13 01:00:00,45.6058512333858
2023-12-13 02:00:00,48.09669977146664
2023-12-13 03:00:00,48.022878438942165
2023-12-13 04:00:00,47.97870605327609
2023-12-13 05:00:00,61.95380732726068
2023-12-13 06:00:00,77.060226366432
2023-12-13 07:00:00,113.36499726648769
2023-12-13 08:00:00,136.29044065788486
2023-12-13 09:00:00,143.4947941090622
2023-12-13 10:00:00,150.55567809509338
2023-12-13 11:00:00,152.68388732995533
2023-12-13 12:00:00,148.74629976741863
2023-12-13 13:00:00,152.06201153162
2023-12-13 14:00:00,147.52165954107582
2023-12-13 15:00:00,143.78675077683155
2023-12-13 16:00:00,137.7406052166478
2023-12-13 17:00:00,122.39325799814246
2023-12-13 18:00:00,106.13460156936844
2023-12-13 19:00:00,89.58566938798405
2023-12-13 20:00:00,72.76792146787963
2023-12-13 21:00:00,66.02789458462453
2023-12-13 22:00:00,60.18554037212578
2023-12-13 23:00:00,48.08556449845966
2023-12-14 00:00:00,46.104218393447226
2023-12-14 01:00:00,45.6759883159807
2023-12-14 02:00:00,47.73675193086035
2023-12-14 03:00:00,47.28424095312935
2023-12-14 04:00:00,46.78765892809122
2023-12-14 05:00:00,54.553406227097184
2023-12-14 06:00:00,71.90008277255511
2023-12-14 07:00:00,107.78455126698026
2023-12-14 08:00:00,131.04865001912748
2023-12-14 09:00:00,139.06634905329008
2023-12-14 10:00:00,142.7890815565395
2023-12-14 11:00:00,144.82938372419017
2023-12-14 12:00:00,141.82848421612067
2023-12-14 13:00:00,141.45193153320716
2023-12-14 14:00:00,137.50229333475542
2023-12-14 15:00:00,136.02349462563396
2023-12-14 16:00:00,126.64606741643362
2023-12-14 17:00:00,111.21869505731206
2023-12-14 18:00:00,99.6276311547583
2023-12-14 19:00:00,85.73172860744165
2023-12-14 20:00:00,67.83432373359294
2023-12-14 21:00:00,62.78532850826867
2023-12-14 22:00:00,55.88695490335078
2023-12-14 23:00:00,43.54792715647359
2023-12-15 00:00:00,45.18651349852853
2023-12-15 01:00:00,46.340842933112995
2023-12-15 02:00:00,49.806799997164426
2023-12-15 03:00:00,50.74270015216717
2023-12-15 04:00:00,50.906172773540256
2023-12-15 05:00:00,59.15762401774727
2023-12-15 06:00:00,71.98802230630909
2023-12-15 07:00:00,103.82798368618374
2023-12-15 08:00:00,125.11995235591228
2023-12-15 09:00:00,135.08216216340938
2023-12-15 10:00:00,132.94926395827747
2023-12-15 11:00:00,131.5312996203308
2023-12-15 12:00:00,129.29574288722833
2023-12-15 13:00:00,130.98245662436358
2023-12-15 14:00:00,128.60305563169726
2023-12-15 15:00:00,128.55587281881424
2023-12-15 16:00:00,122.61302308981138
2023-12-15 17:00:00,109.10492108328793
2023-12-15 18:00:00,96.60791073290473
2023-12-15 19:00:00,81.61188060468305
2023-12-15 20:00:00,66.25902394480565
2023-12-15 21:00:00,59.766737719712545
2023-12-15 22:00:00,51.96786833319563
2023-12-15 23:00:00,44.352261857725914
2023-12-16 00:00:00,44.83356797649644
2023-12-16 01:00:00,45.76337744130539
2023-12-16 02:00:00,44.20719319621734
2023-12-16 03:00:00,46.034242417049875
2023-12-16 04:00:00,46.006372860632474
2023-12-16 05:00:00,50.42823984088719
2023-12-16 06:00:00,58.8224777875726
2023-12-16 07:00:00,66.499618478717
2023-12-16 08:00:00,86.27707333487821
2023-12-16 09:00:00,105.64057950018496
2023-12-16 10:00:00,112.09574382523545
2023-12-16 11:00:00,117.37590058838704
2023-12-16 12:00:00,121.02422815353117
2023-12-16 13:00:00,123.43109594042184
2023-12-16 14:00:00,123.62563543058641
2023-12-16 15:00:00,126.4952513239079
2023-12-16 16:00:00,122.8491776524151
2023-12-16 17:00:00,113.1778027257041
2023-12-16 18:00:00,101.25091297472692
2023-12-16 19:00:00,93.89336445787754
2023-12-16 20:00:00,80.97928624811713
2023-12-16 21:00:00,74.40290131603932
2023-12-16 22:00:00,72.99146689239498
2023-12-16 23:00:00,72.01526124640722
2023-12-17 00:00:00,75.1781026508364
2023-12-17 01:00:00,75.05344864760268
2023-12-17 02:00:00,77.40499493332531
2023-12-17 03:00:00,75.58585011539307
2023-12-17 04:00:00,73.67125450793824
2023-12-17 05:00:00,75.09767625895508
2023-12-17 06:00:00,80.74760402209161
2023-12-17 07:00:00,81.89338071205812
2023-12-17 08:00:00,87.25522285487716
2023-12-17 09:00:00,94.3201250077191
2023-12-17 10:00:00,101.18289315994173
2023-12-17 11:00:00,113.12879573600618
2023-12-17 12:00:00,121.054172426171
2023-12-17 13:00:00,124.8939760871263
2023-12-17 14:00:00,120.52724270292998
2023-12-17 15:00:00,121.34780433871444
2023-12-17 16:00:00,122.86264489141114
2023-12-17 17:00:00,111.82221484596101
2023-12-17 18:00:00,100.47395611724366
2023-12-17 19:00:00,94.15742572778288
2023-12-17 20:00:00,84.41736693216652
2023-12-17 21:00:00,74.98766983115122
2023-12-17 22:00:00,74.99057241184036
2023-12-17 23:00:00,74.90541469336459
2023-12-18 00:00:00,82.0937727510822
2023-12-18 01:00:00,84.06305491784609
2023-12-18 02:00:00,87.41579138849414
2023-12-18 03:00:00,87.38043205785475
2023-12-18 04:00:00,87.80389697478431
2023-12-18 05:00:00,97.73770418094763
2023-12-18 06:00:00,117.26313403876563
2023-12-18 07:00:00,141.60066323624892
2023-12-18 08:00:00,157.13427582057017
2023-12-18 09:00:00,168.81329298188368
2023-12-18 10:00:00,164.58148242290656
2023-12-18 11:00:00,162.46273610475106
2023-12-18 12:00:00,158.07127053473098
2023-12-18 13:00:00,161.65190050002477
2023-12-18 14:00:00,155.8915125997542
2023-12-18 15:00:00,157.81351795921134
2023-12-18 16:00:00,151.85445201678124
2023-12-18 17:00:00,146.4896436724601
2023-12-18 18:00:00,144.78664104994962
2023-12-18 19:00:00,139.78164431575988
2023-12-18 20:00:00,132.03419667531497
2023-12-18 21:00:00,116.13905439563938
2023-12-18 22:00:00,106.95687637452687
2023-12-18 23:00:00,101.79633268575782
2023-12-19 00:00:00,101.2481842172819
2023-12-19 01:00:00,102.53677638653447
2023-12-19 02:00:00,103.79820644281828
2023-12-19 03:00:00,103.9792952544441
2023-12-19 04:00:00,103.12861328654958
2023-12-19 05:00:00,108.42994526062478
2023-12-19 06:00:00,121.30954204969716
2023-12-19 07:00:00,141.38083638400036
2023-12-19 08:00:00,156.30367295398128
2023-12-19 09:00:00,169.27899686109998
2023-12-19 10:00:00,169.36286503558907
2023-12-19 11:00:00,171.00149771018445
2023-12-19 12:00:00,163.75735427937292
2023-12-19 13:00:00,170.52252263218833
2023-12-19 14:00:00,165.82454513947374
2023-12-19 15:00:00,164.89246692934907
2023-12-19 16:00:00,157.73338530643957
2023-12-19 17:00:00,145.2710805729432
2023-12-19 18:00:00,145.20719302071376
2023-12-19 19:00:00,143.39685268045395
2023-12-19 20:00:00,135.2398131503396
2023-12-19 21:00:00,122.99332914816632
2023-12-19 22:00:00,113.46959042552761
2023-12-19 23:00:00,106.84880904289216
2023-12-20 00:00:00,103.59379732718564
2023-12-20 01:00:00,101.77406511174708
2023-12-20 02:00:00,104.34362235981244
2023-12-20 03:00:00,103.8005243565976
2023-12-20 04:00:00,101.99962278885059
2023-12-20 05:00:00,109.3985333468488
2023-12-20 06:00:00,121.2030900328524
2023-12-20 07:00:00,139.82201953002524
2023-12-20 08:00:00,157.25795900586772
2023-12-20 09:00:00,166.25803775185076
2023-12-20 10:00:00,169.7639735672403
2023-12-20 11:00:00,170.3860573941734
2023-12-20 12:00:00,168.8345498587436
2023-12-20 13:00:00,170.4054748631127
2023-12-20 14:00:00,167.97089452030366
2023-12-20 15:00:00,167.91026547560566
2023-12-20 16:00:00,160.02594080311684
2023-12-20 17:00:00,145.19474841068217
2023-12-20 18:00:00,142.39148130965486
2023-12-20 19:00:00,140.84660048447375
2023-12-20 20:00:00,131.26704870715332
2023-12-20 21:00:00,117.8907085074889
2023-12-20 22:00:00,112.79712986404871
2023-12-20 23:00:00,109.6715410401976
2023-12-21 00:00:00,110.2794023671351
2023-12-21 01:00:00,109.7717557358077
2023-12-21 02:00:00,111.1416710388061
2023-12-21 03:00:00,112.34378092771827
2023-12-21 04:00:00,115.33712016689981
2023-12-21 05:00:00,120.16379131471422
2023-12-21 06:00:00,126.58679592336314
2023-12-21 07:00:00,142.63736933684413
2023-12-21 08:00:00,156.7685351010896
2023-12-21 09:00:00,167.35579298646985
2023-12-21 10:00:00,167.58602494265577
2023-12-21 11:00:00,168.11138215230343
2023-12-21 12:00:00,167.40947780975114
2023-12-21 13:00:00,168.31244899527977
2023-12-21 14:00:00,166.20334239979704
2023-12-21 15:00:00,166.37223213187264
2023-12-21 16:00:00,161.84426768780585
2023-12-21 17:00:00,151.24210577329987
2023-12-21 18:00:00,146.54050596142648
2023-12-21 19:00:00,144.52226002919156
2023-12-21 20:00:00,137.5465129814539
2023-12-21 21:00:00,128.18980013267935
2023-12-21 22:00:00,117.68685598537095
2023-12-21 23:00:00,115.12014831803633
2023-12-22 00:00:00,115.83001976775522
2023-12-22 01:00:00,113.18603938420411
2023-12-22 02:00:00,115.77864654072499
2023-12-22 03:00:00,115.97093908225247
2023-12-22 04:00:00,118.7345112076859
2023-12-22 05:00:00,126.46755989969148
2023-12-22 06:00:00,131.53561353227076
2023-12-22 07:00:00,143.16238875657996
2023-12-22 08:00:00,153.75430849865404
2023-12-22 09:00:00,165.19462979986244
2023-12-22 10:00:00,165.6260474310011
2023-12-22 11:00:00,165.37252313816933
2023-12-22 12:00:00,167.3052482698095
2023-12-22 13:00:00,168.55902432602386
2023-12-22 14:00:00,168.08149206845903
2023-12-22 15:00:00,167.52341825077232
2023-12-22 16:00:00,168.43558370709542
2023-12-22 17:00:00,156.08676783803023
2023-12-22 18:00:00,150.0805628673716
2023-12-22 19:00:00,151.04069011024913
2023-12-22 20:00:00,143.50642216271174
2023-12-22 21:00:00,144.43223540176754
2023-12-22 22:00:00,144.54044511753375
2023-12-22 23:00:00,140.8016884008212
2023-12-23 00:00:00,126.9836090131338
2023-12-23 01:00:00,113.8623885530351
2023-12-23 02:00:00,111.43444982319053
2023-12-23 03:00:00,110.67421021441528
2023-12-23 04:00:00,111.74461606080555
2023-12-23 05:00:00,114.5643925282615
2023-12-23 06:00:00,122.49598829452772
2023-12-23 07:00:00,126.12495706169106
2023-12-23 08:00:00,129.33685730440064
2023-12-23 09:00:00,132.0790070881726
2023-12-23 10:00:00,134.31855467525375
2023-12-23 11:00:00,130.71394584754677
2023-12-23 12:00:00,129.46625871604311
2023-12-23 13:00:00,132.24380144871313
2023-12-23 14:00:00,126.5668540073188
2023-12-23 15:00:00,127.95252025943464
2023-12-23 16:00:00,130.43192053315633
2023-12-23 17:00:00,125.84107971924449
2023-12-23 18:00:00,119.45899035367269
2023-12-23 19:00:00,117.50785238380304
2023-12-23 20:00:00,116.62234096896881
2023-12-23 21:00:00,115.61875719168864
2023-12-23 22:00:00,114.68766981413206
2023-12-23 23:00:00,113.74356730593718
2023-12-24 00:00:00,112.19598139643237
2023-12-24 01:00:00,106.03385364986666
2023-12-24 02:00:00,103.46355596771787
2023-12-24 03:00:00,98.51725765180979
2023-12-24 04:00:00,95.25441181945398
2023-12-24 05:00:00,99.31999270830855
2023-12-24 06:00:00,106.52903307641354
2023-12-24 07:00:00,117.77568328036624
2023-12-24 08:00:00,120.32907888899705
2023-12-24 09:00:00,123.31580918828135
2023-12-24 10:00:00,127.44741442307262
2023-12-24 11:00:00,124.28933007075798
2023-12-24 12:00:00,120.06645542764164
2023-12-24 13:00:00,125.74116073867678
2023-12-24 14:00:00,116.44275363046299
2023-12-24 15:00:00,114.29852291070029
2023-12-24 16:00:00,114.59719857032266
2023-12-24 17:00:00,107.3590479745145
2023-12-24 18:00:00,96.66996929279826
2023-12-24 19:00:00,88.12852739820084
2023-12-24 20:00:00,77.89847492381953
2023-12-24 21:00:00,68.92496082143305
2023-12-24 22:00:00,62.857649160750135
2023-12-24 23:00:00,57.596302845221636
2023-12-25 00:00:00,73.36069174300609
2023-12-25 01:00:00,78.7352812830516
2023-12-25 02:00:00,84.75474655472716
2023-12-25 03:00:00,85.35540744581569
2023-12-25 04:00:00,84.98105572117368
2023-12-25 05:00:00,94.23745368574878
2023-12-25 06:00:00,111.56632236053316
2023-12-25 07:00:00,135.21997521366947
2023-12-25 08:00:00,145.78021812208354
2023-12-25 09:00:00,156.6017305100927
2023-12-25 10:00:00,156.65600264697008
2023-12-25 11:00:00,153.39898971580277
2023-12-25 12:00:00,148.06359844197897
2023-12-25 13:00:00,145.31379424359048
2023-12-25 14:00:00,143.66437307741697
2023-12-25 15:00:00,142.15915039627282
2023-12-25 16:00:00,135.6313889459771
2023-12-25 17:00:00,124.36400248303049
2023-12-25 18:00:00,113.51094773389119
2023-12-25 19:00:00,98.07020897229242
2023-12-25 20:00:00,84.28977494275593
2023-12-25 21:00:00,79.153361146734
2023-12-25 22:00:00,77.4510218182762
2023-12-25 23:00:00,71.82134139989876
2023-12-26 00:00:00,76.71532814499288
2023-12-26 01:00:00,82.56376156025009
2023-12-26 02:00:00,86.63722847193439
2023-12-26 03:00:00,87.71433740550744
2023-12-26 04:00:00,91.41010033358171
2023-12-26 05:00:00,99.70595878576837
2023-12-26 06:00:00,113.18642441809152
2023-12-26 07:00:00,137.3303298128655
2023-12-26 08:00:00,146.38334358937016
2023-12-26 09:00:00,156.33075496896703
2023-12-26 10:00:00,159.48550902217195
2023-12-26 11:00:00,154.0026126696385
2023-12-26 12:00:00,148.65372625700442
2023-12-26 13:00:00,146.3084718281706
2023-12-26 14:00:00,143.1484441502444
2023-12-26 15:00:00,139.07294684052977
2023-12-26 16:00:00,130.87461211887484
2023-12-26 17:00:00,111.31573953437469
2023-12-26 18:00:00,101.9544262542958
2023-12-26 19:00:00,88.50927660856351
2023-12-26 20:00:00,78.75695945015181
2023-12-26 21:00:00,74.63076411989297
2023-12-26 22:00:00,71.2335869399088
2023-12-26 23:00:00,65.27431760610797
2023-12-27 00:00:00,72.27377350777924
2023-12-27 01:00:00,77.72910469851408
2023-12-27 02:00:00,79.96255316496956
2023-12-27 03:00:00,80.26802738030752
2023-12-27 04:00:00,82.49877315296968
2023-12-27 05:00:00,94.9636839300736
2023-12-27 06:00:00,114.61840650656612
2023-12-27 07:00:00,138.19440208632824
2023-12-27 08:00:00,151.99464488236993
2023-12-27 09:00:00,162.25016830486805
2023-12-27 10:00:00,163.8523428121006
2023-12-27 11:00:00,163.93354021889758
2023-12-27 12:00:00,153.20366873945014
2023-12-27 13:00:00,150.90162181596426
2023-12-27 14:00:00,148.9320709251788
2023-12-27 15:00:00,143.93161106129938
2023-12-27 16:00:00,133.64390098338262
2023-12-27 17:00:00,112.29708699446219
2023-12-27 18:00:00,96.7566407851561
2023-12-27 19:00:00,82.54988545639523
2023-12-27 20:00:00,75.21134643980665
2023-12-27 21:00:00,70.27179972726513
2023-12-27 22:00:00,66.05008115663604
2023-12-27 23:00:00,69.2924827615523
2023-12-28 00:00:00,71.5517665116347
2023-12-28 01:00:00,73.00556006869363
2023-12-28 02:00:00,75.86254969818364
2023-12-28 03:00:00,77.72739977555642
2023-12-28 04:00:00,75.92373576779235
2023-12-28 05:00:00,84.79921309454741
2023-12-28 06:00:00,107.0802840287368
2023-12-28 07:00:00,136.05613449587509
2023-12-28 08:00:00,141.54483146413665
2023-12-28 09:00:00,153.14123240627137
2023-12-28 10:00:00,155.89133759660805
2023-12-28 11:00:00,157.8867997331138
2023-12-28 12:00:00,149.8362065407493
2023-12-28 13:00:00,149.1844747298332
2023-12-28 14:00:00,148.07277468952938
2023-12-28 15:00:00,145.9839340359359
2023-12-28 16:00:00,135.97082387839063
2023-12-28 17:00:00,116.76537929287463
2023-12-28 18:00:00,98.40507136910843
2023-12-28 19:00:00,85.9937331130714
2023-12-28 20:00:00,71.61459683429011
2023-12-28 21:00:00,67.92412652892466
2023-12-28 22:00:00,65.72450453364367
2023-12-28 23:00:00,64.08027784187351
2023-12-29 00:00:00,71.19344968182281
2023-12-29 01:00:00,75.94569641573172
2023-12-29 02:00:00,82.00056256343888
2023-12-29 03:00:00,84.06478618932971
2023-12-29 04:00:00,84.11195287325752
2023-12-29 05:00:00,95.2892186818947
2023-12-29 06:00:00,113.49200785080784
2023-12-29 07:00:00,142.73652711699677
2023-12-29 08:00:00,150.70407898487144
2023-12-29 09:00:00,156.88903903957274
2023-12-29 10:00:00,159.13788157066585
2023-12-29 11:00:00,160.21196414495228
2023-12-29 12:00:00,157.937132592103
2023-12-29 13:00:00,158.8545785126782
2023-12-29 14:00:00,154.6659614879141
2023-12-29 15:00:00,155.63006119706864
2023-12-29 16:00:00,151.17785235719825
2023-12-29 17:00:00,142.54183913855627
2023-12-29 18:00:00,135.16943044802005
2023-12-29 19:00:00,125.90508449967663
2023-12-29 20:00:00,108.56015323515292
2023-12-29 21:00:00,98.20779161102007
2023-12-29 22:00:00,90.43517012762557
2023-12-29 23:00:00,87.26731858533942
2023-12-30 00:00:00,86.98386833397477
2023-12-30 01:00:00,85.3984861359455
2023-12-30 02:00:00,87.34856777913957
2023-12-30 03:00:00,89.69881464127741
2023-12-30 04:00:00,92.43922912047933
2023-12-30 05:00:00,95.83757591700736
2023-12-30 06:00:00,103.62493213248436
2023-12-30 07:00:00,121.00419279624401
2023-12-30 08:00:00,124.84025837621088
2023-12-30 09:00:00,131.64910306689572
2023-12-30 10:00:00,135.24388186356265
2023-12-30 11:00:00,135.2998683575211
2023-12-30 12:00:00,139.4266310634635
2023-12-30 13:00:00,144.95627403496388
2023-12-30 14:00:00,145.99603734954036
2023-12-30 15:00:00,149.3145064847661
2023-12-30 16:00:00,150.5986339546734
2023-12-30 17:00:00,144.05133013332943
2023-12-30 18:00:00,137.9764095478675
2023-12-30 19:00:00,124.1486992769086
2023-12-30 20:00:00,100.90282211705792
2023-12-30 21:00:00,89.9179995189938
2023-12-30 22:00:00,75.6398805824981
2023-12-30 23:00:00,62.93920607603783
2023-12-31 00:00:00,62.202895141961825
2023-12-31 01:00:00,59.366661485184736
2023-12-31 02:00:00,56.658075824800974
2023-12-31 03:00:00,52.114662130323744
2023-12-31 04:00:00,49.39067806025433
2023-12-31 05:00:00,54.77795395373518
2023-12-31 06:00:00,62.94754570148298
2023-12-31 07:00:00,73.6180000705986
2023-12-31 08:00:00,88.10953640961617
2023-12-31 09:00:00,99.32818820177248
2023-12-31 10:00:00,111.85769255647257
2023-12-31 11:00:00,117.39575769887743
2023-12-31 12:00:00,117.44813379481405
2023-12-31 13:00:00,118.15857925141017
2023-12-31 14:00:00,115.68860911000547
2023-12-31 15:00:00,113.51249233405514
2023-12-31 16:00:00,113.80997649400223
2023-12-31 17:00:00,106.79314027585323
2023-12-31 18:00:00,98.84151404470263
2023-12-31 19:00:00,85.12018037545934
2023-12-31 20:00:00,66.2778501778031
2023-12-31 21:00:00,57.36754089002165
2023-12-31 22:00:00,47.762307758242734
2023-12-31 23:00:00,46.17286475634128
